structure_id	kind	variant	phase	repetition	order_index	wall_seconds	cpu_seconds	size_bytes	sha256	success	error
10DK	PDB	pr_current	measured	1	0	0.459160316	0.456881791	542936	9517a3f44ae21c4d824754d7efc9e742578459a702b126cc0647829c76daa029	True	
10DK	PDB	all_exact	measured	1	1	0.48439931	0.481943046	542936	9517a3f44ae21c4d824754d7efc9e742578459a702b126cc0647829c76daa029	True	
10DK	PDB	all_exact_repeat	measured	1	2	0.475323731	0.459802136	542936	9517a3f44ae21c4d824754d7efc9e742578459a702b126cc0647829c76daa029	True	
10DK	PDB	pr_current	measured	2	0	0.460915162	0.458951355	542936	9517a3f44ae21c4d824754d7efc9e742578459a702b126cc0647829c76daa029	True	
10DK	PDB	all_exact_repeat	measured	2	1	0.435526938	0.434263148	542936	9517a3f44ae21c4d824754d7efc9e742578459a702b126cc0647829c76daa029	True	
10DK	PDB	all_exact	measured	2	2	0.428010325	0.426802056	542936	9517a3f44ae21c4d824754d7efc9e742578459a702b126cc0647829c76daa029	True	
10DK	PDB	all_exact_repeat	measured	3	0	0.463551177	0.46264957	542936	9517a3f44ae21c4d824754d7efc9e742578459a702b126cc0647829c76daa029	True	
10DK	PDB	pr_current	measured	3	1	0.492423125	0.491014039	542936	9517a3f44ae21c4d824754d7efc9e742578459a702b126cc0647829c76daa029	True	
10DK	PDB	all_exact	measured	3	2	0.434138123	0.433598954	542936	9517a3f44ae21c4d824754d7efc9e742578459a702b126cc0647829c76daa029	True	
10DK	PDB	all_exact_repeat	measured	4	0	0.423564268	0.423086683	542936	9517a3f44ae21c4d824754d7efc9e742578459a702b126cc0647829c76daa029	True	
10DK	PDB	all_exact	measured	4	1	0.435006624	0.434821381	542936	9517a3f44ae21c4d824754d7efc9e742578459a702b126cc0647829c76daa029	True	
10DK	PDB	pr_current	measured	4	2	0.488670025	0.488380868	542936	9517a3f44ae21c4d824754d7efc9e742578459a702b126cc0647829c76daa029	True	
10DK	PDB	all_exact	measured	5	0	0.460334436	0.459899249	542936	9517a3f44ae21c4d824754d7efc9e742578459a702b126cc0647829c76daa029	True	
10DK	PDB	all_exact_repeat	measured	5	1	0.460639235	0.460695144	542936	9517a3f44ae21c4d824754d7efc9e742578459a702b126cc0647829c76daa029	True	
10DK	PDB	pr_current	measured	5	2	0.479880759	0.480178664	542936	9517a3f44ae21c4d824754d7efc9e742578459a702b126cc0647829c76daa029	True	
10DK	PDB	all_exact_repeat	measured	6	0	0.435748552	0.435993878	542936	9517a3f44ae21c4d824754d7efc9e742578459a702b126cc0647829c76daa029	True	
10DK	PDB	all_exact	measured	6	1	0.43192064	0.432366116	542936	9517a3f44ae21c4d824754d7efc9e742578459a702b126cc0647829c76daa029	True	
10DK	PDB	pr_current	measured	6	2	0.480955296	0.480814862	542936	9517a3f44ae21c4d824754d7efc9e742578459a702b126cc0647829c76daa029	True	
10DK	PDB	pr_current	measured	7	0	0.502701331	0.503466488	542936	9517a3f44ae21c4d824754d7efc9e742578459a702b126cc0647829c76daa029	True	
10DK	PDB	all_exact	measured	7	1	0.429884153	0.430422081	542936	9517a3f44ae21c4d824754d7efc9e742578459a702b126cc0647829c76daa029	True	
10DK	PDB	all_exact_repeat	measured	7	2	0.494516287	0.49531098	542936	9517a3f44ae21c4d824754d7efc9e742578459a702b126cc0647829c76daa029	True	
11BJ	PDB	pr_current	measured	1	0	0.065572226	0.065759416	237463	8465d02c8414055ab8ff9696dbd59bff077e21ec6a372e87328571bb78f1b786	True	
11BJ	PDB	all_exact	measured	1	1	0.052796549	0.052945547	237463	8465d02c8414055ab8ff9696dbd59bff077e21ec6a372e87328571bb78f1b786	True	
11BJ	PDB	all_exact_repeat	measured	1	2	0.052187654	0.052332714	237463	8465d02c8414055ab8ff9696dbd59bff077e21ec6a372e87328571bb78f1b786	True	
11BJ	PDB	pr_current	measured	2	0	0.066276052	0.066462561	237463	8465d02c8414055ab8ff9696dbd59bff077e21ec6a372e87328571bb78f1b786	True	
11BJ	PDB	all_exact_repeat	measured	2	1	0.052405232	0.052553303	237463	8465d02c8414055ab8ff9696dbd59bff077e21ec6a372e87328571bb78f1b786	True	
11BJ	PDB	all_exact	measured	2	2	0.052153937	0.052300419	237463	8465d02c8414055ab8ff9696dbd59bff077e21ec6a372e87328571bb78f1b786	True	
11BJ	PDB	pr_current	measured	3	0	0.071156168	0.071358295	237463	8465d02c8414055ab8ff9696dbd59bff077e21ec6a372e87328571bb78f1b786	True	
11BJ	PDB	all_exact	measured	3	1	0.050935323	0.05107414	237463	8465d02c8414055ab8ff9696dbd59bff077e21ec6a372e87328571bb78f1b786	True	
11BJ	PDB	all_exact_repeat	measured	3	2	0.058802641	0.058950781	237463	8465d02c8414055ab8ff9696dbd59bff077e21ec6a372e87328571bb78f1b786	True	
11BJ	PDB	all_exact_repeat	measured	4	0	0.066061712	0.066235751	237463	8465d02c8414055ab8ff9696dbd59bff077e21ec6a372e87328571bb78f1b786	True	
11BJ	PDB	all_exact	measured	4	1	0.199109059	0.199632532	237463	8465d02c8414055ab8ff9696dbd59bff077e21ec6a372e87328571bb78f1b786	True	
11BJ	PDB	pr_current	measured	4	2	0.107689731	0.108017518	237463	8465d02c8414055ab8ff9696dbd59bff077e21ec6a372e87328571bb78f1b786	True	
11BJ	PDB	all_exact	measured	5	0	0.083161349	0.083412594	237463	8465d02c8414055ab8ff9696dbd59bff077e21ec6a372e87328571bb78f1b786	True	
11BJ	PDB	all_exact_repeat	measured	5	1	0.057961483	0.058133714	237463	8465d02c8414055ab8ff9696dbd59bff077e21ec6a372e87328571bb78f1b786	True	
11BJ	PDB	pr_current	measured	5	2	0.072145708	0.072366384	237463	8465d02c8414055ab8ff9696dbd59bff077e21ec6a372e87328571bb78f1b786	True	
11BJ	PDB	pr_current	measured	6	0	0.064090682	0.064225741	237463	8465d02c8414055ab8ff9696dbd59bff077e21ec6a372e87328571bb78f1b786	True	
11BJ	PDB	all_exact	measured	6	1	0.059406539	0.059586882	237463	8465d02c8414055ab8ff9696dbd59bff077e21ec6a372e87328571bb78f1b786	True	
11BJ	PDB	all_exact_repeat	measured	6	2	0.08877355	0.089044944	237463	8465d02c8414055ab8ff9696dbd59bff077e21ec6a372e87328571bb78f1b786	True	
11BJ	PDB	pr_current	measured	7	0	0.069862993	0.070075297	237463	8465d02c8414055ab8ff9696dbd59bff077e21ec6a372e87328571bb78f1b786	True	
11BJ	PDB	all_exact	measured	7	1	0.052828496	0.052986167	237463	8465d02c8414055ab8ff9696dbd59bff077e21ec6a372e87328571bb78f1b786	True	
11BJ	PDB	all_exact_repeat	measured	7	2	0.06180351	0.061991311	237463	8465d02c8414055ab8ff9696dbd59bff077e21ec6a372e87328571bb78f1b786	True	
11HB	PDB	pr_current	measured	1	0	0.411820824	0.413292595	504055	b5dd7b618f1d2162d3892a4d6720be6327917eb71efd818bd84d88822639383b	True	
11HB	PDB	all_exact	measured	1	1	0.375748047	0.37706425	504055	b5dd7b618f1d2162d3892a4d6720be6327917eb71efd818bd84d88822639383b	True	
11HB	PDB	all_exact_repeat	measured	1	2	0.355692459	0.356565534	504055	b5dd7b618f1d2162d3892a4d6720be6327917eb71efd818bd84d88822639383b	True	
11HB	PDB	pr_current	measured	2	0	0.406756049	0.408231278	504055	b5dd7b618f1d2162d3892a4d6720be6327917eb71efd818bd84d88822639383b	True	
11HB	PDB	all_exact_repeat	measured	2	1	0.415618666	0.417080536	504055	b5dd7b618f1d2162d3892a4d6720be6327917eb71efd818bd84d88822639383b	True	
11HB	PDB	all_exact	measured	2	2	0.510065587	0.511911186	504055	b5dd7b618f1d2162d3892a4d6720be6327917eb71efd818bd84d88822639383b	True	
11HB	PDB	all_exact_repeat	measured	3	0	0.349266856	0.350618416	504055	b5dd7b618f1d2162d3892a4d6720be6327917eb71efd818bd84d88822639383b	True	
11HB	PDB	pr_current	measured	3	1	0.459344319	0.460530165	504055	b5dd7b618f1d2162d3892a4d6720be6327917eb71efd818bd84d88822639383b	True	
11HB	PDB	all_exact	measured	3	2	0.476229933	0.478010997	504055	b5dd7b618f1d2162d3892a4d6720be6327917eb71efd818bd84d88822639383b	True	
11HB	PDB	all_exact_repeat	measured	4	0	0.429373389	0.43094733	504055	b5dd7b618f1d2162d3892a4d6720be6327917eb71efd818bd84d88822639383b	True	
11HB	PDB	all_exact	measured	4	1	0.438139124	0.439804224	504055	b5dd7b618f1d2162d3892a4d6720be6327917eb71efd818bd84d88822639383b	True	
11HB	PDB	pr_current	measured	4	2	0.539989663	0.54164835	504055	b5dd7b618f1d2162d3892a4d6720be6327917eb71efd818bd84d88822639383b	True	
11HB	PDB	all_exact	measured	5	0	0.414112918	0.415704836	504055	b5dd7b618f1d2162d3892a4d6720be6327917eb71efd818bd84d88822639383b	True	
11HB	PDB	all_exact_repeat	measured	5	1	0.406349474	0.407904414	504055	b5dd7b618f1d2162d3892a4d6720be6327917eb71efd818bd84d88822639383b	True	
11HB	PDB	pr_current	measured	5	2	0.4373249	0.439016133	504055	b5dd7b618f1d2162d3892a4d6720be6327917eb71efd818bd84d88822639383b	True	
11HB	PDB	all_exact	measured	6	0	0.328634098	0.329928349	504055	b5dd7b618f1d2162d3892a4d6720be6327917eb71efd818bd84d88822639383b	True	
11HB	PDB	all_exact_repeat	measured	6	1	0.449290137	0.450464089	504055	b5dd7b618f1d2162d3892a4d6720be6327917eb71efd818bd84d88822639383b	True	
11HB	PDB	pr_current	measured	6	2	0.502364021	0.504372108	504055	b5dd7b618f1d2162d3892a4d6720be6327917eb71efd818bd84d88822639383b	True	
11HB	PDB	pr_current	measured	7	0	0.405330302	0.406885325	504055	b5dd7b618f1d2162d3892a4d6720be6327917eb71efd818bd84d88822639383b	True	
11HB	PDB	all_exact	measured	7	1	0.339783303	0.341154554	504055	b5dd7b618f1d2162d3892a4d6720be6327917eb71efd818bd84d88822639383b	True	
11HB	PDB	all_exact_repeat	measured	7	2	0.354335602	0.353414208	504055	b5dd7b618f1d2162d3892a4d6720be6327917eb71efd818bd84d88822639383b	True	
11TG	PDB	pr_current	measured	1	0	0.132247978	0.131020564	168201	9d2b6a353e53b1d2fe771909dc7e9ef100301ca3bf64e6140e91d56add4857b5	True	
11TG	PDB	all_exact	measured	1	1	0.110360904	0.109335127	168201	9d2b6a353e53b1d2fe771909dc7e9ef100301ca3bf64e6140e91d56add4857b5	True	
11TG	PDB	all_exact_repeat	measured	1	2	0.108971534	0.107924483	168201	9d2b6a353e53b1d2fe771909dc7e9ef100301ca3bf64e6140e91d56add4857b5	True	
11TG	PDB	pr_current	measured	2	0	0.136379312	0.135091248	168201	9d2b6a353e53b1d2fe771909dc7e9ef100301ca3bf64e6140e91d56add4857b5	True	
11TG	PDB	all_exact_repeat	measured	2	1	0.109136648	0.108195617	168201	9d2b6a353e53b1d2fe771909dc7e9ef100301ca3bf64e6140e91d56add4857b5	True	
11TG	PDB	all_exact	measured	2	2	0.109678079	0.108842138	168201	9d2b6a353e53b1d2fe771909dc7e9ef100301ca3bf64e6140e91d56add4857b5	True	
11TG	PDB	all_exact_repeat	measured	3	0	0.119905121	0.11898995	168201	9d2b6a353e53b1d2fe771909dc7e9ef100301ca3bf64e6140e91d56add4857b5	True	
11TG	PDB	all_exact	measured	3	1	0.109442565	0.108590559	168201	9d2b6a353e53b1d2fe771909dc7e9ef100301ca3bf64e6140e91d56add4857b5	True	
11TG	PDB	pr_current	measured	3	2	0.122289789	0.121357327	168201	9d2b6a353e53b1d2fe771909dc7e9ef100301ca3bf64e6140e91d56add4857b5	True	
11TG	PDB	all_exact_repeat	measured	4	0	0.106384881	0.105573575	168201	9d2b6a353e53b1d2fe771909dc7e9ef100301ca3bf64e6140e91d56add4857b5	True	
11TG	PDB	all_exact	measured	4	1	0.127219966	0.12621891	168201	9d2b6a353e53b1d2fe771909dc7e9ef100301ca3bf64e6140e91d56add4857b5	True	
11TG	PDB	pr_current	measured	4	2	0.121325367	0.120400624	168201	9d2b6a353e53b1d2fe771909dc7e9ef100301ca3bf64e6140e91d56add4857b5	True	
11TG	PDB	all_exact	measured	5	0	0.114763236	0.113991406	168201	9d2b6a353e53b1d2fe771909dc7e9ef100301ca3bf64e6140e91d56add4857b5	True	
11TG	PDB	all_exact_repeat	measured	5	1	0.109810606	0.108718264	168201	9d2b6a353e53b1d2fe771909dc7e9ef100301ca3bf64e6140e91d56add4857b5	True	
11TG	PDB	pr_current	measured	5	2	0.134338449	0.13351081	168201	9d2b6a353e53b1d2fe771909dc7e9ef100301ca3bf64e6140e91d56add4857b5	True	
11TG	PDB	pr_current	measured	6	0	0.130923062	0.130116971	168201	9d2b6a353e53b1d2fe771909dc7e9ef100301ca3bf64e6140e91d56add4857b5	True	
11TG	PDB	all_exact_repeat	measured	6	1	0.112890482	0.112192742	168201	9d2b6a353e53b1d2fe771909dc7e9ef100301ca3bf64e6140e91d56add4857b5	True	
11TG	PDB	all_exact	measured	6	2	0.117918107	0.117166783	168201	9d2b6a353e53b1d2fe771909dc7e9ef100301ca3bf64e6140e91d56add4857b5	True	
11TG	PDB	pr_current	measured	7	0	0.118642643	0.117889433	168201	9d2b6a353e53b1d2fe771909dc7e9ef100301ca3bf64e6140e91d56add4857b5	True	
11TG	PDB	all_exact	measured	7	1	0.134469531	0.133670945	168201	9d2b6a353e53b1d2fe771909dc7e9ef100301ca3bf64e6140e91d56add4857b5	True	
11TG	PDB	all_exact_repeat	measured	7	2	0.119546214	0.118944578	168201	9d2b6a353e53b1d2fe771909dc7e9ef100301ca3bf64e6140e91d56add4857b5	True	
12GB	PDB	pr_current	measured	1	0	1.771423047	1.774349622	1289137	2ec7837fa4b94134a110d39457dd714a575ff7c7635598f30b347dec72612640	True	
12GB	PDB	all_exact	measured	1	1	1.542937774	1.546077626	1289137	2ec7837fa4b94134a110d39457dd714a575ff7c7635598f30b347dec72612640	True	
12GB	PDB	all_exact_repeat	measured	1	2	1.572350735	1.576747618	1289137	2ec7837fa4b94134a110d39457dd714a575ff7c7635598f30b347dec72612640	True	
12GB	PDB	pr_current	measured	2	0	1.681453982	1.68055088	1289137	2ec7837fa4b94134a110d39457dd714a575ff7c7635598f30b347dec72612640	True	
12GB	PDB	all_exact_repeat	measured	2	1	1.564909777	1.570333116	1289137	2ec7837fa4b94134a110d39457dd714a575ff7c7635598f30b347dec72612640	True	
12GB	PDB	all_exact	measured	2	2	1.588660262	1.590318112	1289137	2ec7837fa4b94134a110d39457dd714a575ff7c7635598f30b347dec72612640	True	
12GB	PDB	all_exact	measured	3	0	1.73092936	1.73742009	1289137	2ec7837fa4b94134a110d39457dd714a575ff7c7635598f30b347dec72612640	True	
12GB	PDB	all_exact_repeat	measured	3	1	1.570637917	1.576491377	1289137	2ec7837fa4b94134a110d39457dd714a575ff7c7635598f30b347dec72612640	True	
12GB	PDB	pr_current	measured	3	2	1.782395775	1.789381626	1289137	2ec7837fa4b94134a110d39457dd714a575ff7c7635598f30b347dec72612640	True	
12GB	PDB	all_exact_repeat	measured	4	0	1.60595621	1.610913976	1289137	2ec7837fa4b94134a110d39457dd714a575ff7c7635598f30b347dec72612640	True	
12GB	PDB	all_exact	measured	4	1	1.5900535	1.570154336	1289137	2ec7837fa4b94134a110d39457dd714a575ff7c7635598f30b347dec72612640	True	
12GB	PDB	pr_current	measured	4	2	1.843787309	1.826181856	1289137	2ec7837fa4b94134a110d39457dd714a575ff7c7635598f30b347dec72612640	True	
12GB	PDB	all_exact	measured	5	0	1.788578182	1.777979701	1289137	2ec7837fa4b94134a110d39457dd714a575ff7c7635598f30b347dec72612640	True	
12GB	PDB	all_exact_repeat	measured	5	1	1.579988582	1.574155126	1289137	2ec7837fa4b94134a110d39457dd714a575ff7c7635598f30b347dec72612640	True	
12GB	PDB	pr_current	measured	5	2	1.769465724	1.762189011	1289137	2ec7837fa4b94134a110d39457dd714a575ff7c7635598f30b347dec72612640	True	
12GB	PDB	all_exact_repeat	measured	6	0	1.567672431	1.566697416	1289137	2ec7837fa4b94134a110d39457dd714a575ff7c7635598f30b347dec72612640	True	
12GB	PDB	all_exact	measured	6	1	1.609562097	1.607969526	1289137	2ec7837fa4b94134a110d39457dd714a575ff7c7635598f30b347dec72612640	True	
12GB	PDB	pr_current	measured	6	2	1.729316615	1.720655734	1289137	2ec7837fa4b94134a110d39457dd714a575ff7c7635598f30b347dec72612640	True	
12GB	PDB	pr_current	measured	7	0	1.701798525	1.705111821	1289137	2ec7837fa4b94134a110d39457dd714a575ff7c7635598f30b347dec72612640	True	
12GB	PDB	all_exact	measured	7	1	1.587750541	1.591749855	1289137	2ec7837fa4b94134a110d39457dd714a575ff7c7635598f30b347dec72612640	True	
12GB	PDB	all_exact_repeat	measured	7	2	1.641775963	1.644841763	1289137	2ec7837fa4b94134a110d39457dd714a575ff7c7635598f30b347dec72612640	True	
1RMN	PDB	pr_current	measured	1	0	0.052303581	0.052495757	129545	54be22cc38bb58344c13dbe9eded80bf5d2637e48c3ef36b24cf81868a434d99	True	
1RMN	PDB	all_exact	measured	1	1	0.050616511	0.050803919	129545	54be22cc38bb58344c13dbe9eded80bf5d2637e48c3ef36b24cf81868a434d99	True	
1RMN	PDB	all_exact_repeat	measured	1	2	0.044676013	0.044841372	129545	54be22cc38bb58344c13dbe9eded80bf5d2637e48c3ef36b24cf81868a434d99	True	
1RMN	PDB	pr_current	measured	2	0	0.051707435	0.051899079	129545	54be22cc38bb58344c13dbe9eded80bf5d2637e48c3ef36b24cf81868a434d99	True	
1RMN	PDB	all_exact_repeat	measured	2	1	0.035696884	0.035827058	129545	54be22cc38bb58344c13dbe9eded80bf5d2637e48c3ef36b24cf81868a434d99	True	
1RMN	PDB	all_exact	measured	2	2	0.035620824	0.035751602	129545	54be22cc38bb58344c13dbe9eded80bf5d2637e48c3ef36b24cf81868a434d99	True	
1RMN	PDB	all_exact_repeat	measured	3	0	0.034887869	0.035016409	129545	54be22cc38bb58344c13dbe9eded80bf5d2637e48c3ef36b24cf81868a434d99	True	
1RMN	PDB	all_exact	measured	3	1	0.034716457	0.034840571	129545	54be22cc38bb58344c13dbe9eded80bf5d2637e48c3ef36b24cf81868a434d99	True	
1RMN	PDB	pr_current	measured	3	2	0.040424585	0.04055861	129545	54be22cc38bb58344c13dbe9eded80bf5d2637e48c3ef36b24cf81868a434d99	True	
1RMN	PDB	all_exact_repeat	measured	4	0	0.03682293	0.036946223	129545	54be22cc38bb58344c13dbe9eded80bf5d2637e48c3ef36b24cf81868a434d99	True	
1RMN	PDB	all_exact	measured	4	1	0.039284332	0.039427297	129545	54be22cc38bb58344c13dbe9eded80bf5d2637e48c3ef36b24cf81868a434d99	True	
1RMN	PDB	pr_current	measured	4	2	0.051973489	0.052167506	129545	54be22cc38bb58344c13dbe9eded80bf5d2637e48c3ef36b24cf81868a434d99	True	
1RMN	PDB	all_exact	measured	5	0	0.05630425	0.056517055	129545	54be22cc38bb58344c13dbe9eded80bf5d2637e48c3ef36b24cf81868a434d99	True	
1RMN	PDB	all_exact_repeat	measured	5	1	0.038561854	0.038703917	129545	54be22cc38bb58344c13dbe9eded80bf5d2637e48c3ef36b24cf81868a434d99	True	
1RMN	PDB	pr_current	measured	5	2	0.059448419	0.059670595	129545	54be22cc38bb58344c13dbe9eded80bf5d2637e48c3ef36b24cf81868a434d99	True	
1RMN	PDB	all_exact_repeat	measured	6	0	0.045712668	0.045881571	129545	54be22cc38bb58344c13dbe9eded80bf5d2637e48c3ef36b24cf81868a434d99	True	
1RMN	PDB	all_exact	measured	6	1	0.052849787	0.053047668	129545	54be22cc38bb58344c13dbe9eded80bf5d2637e48c3ef36b24cf81868a434d99	True	
1RMN	PDB	pr_current	measured	6	2	0.051714379	0.051906476	129545	54be22cc38bb58344c13dbe9eded80bf5d2637e48c3ef36b24cf81868a434d99	True	
1RMN	PDB	pr_current	measured	7	0	0.050502494	0.050688796	129545	54be22cc38bb58344c13dbe9eded80bf5d2637e48c3ef36b24cf81868a434d99	True	
1RMN	PDB	all_exact	measured	7	1	0.041444372	0.04159873	129545	54be22cc38bb58344c13dbe9eded80bf5d2637e48c3ef36b24cf81868a434d99	True	
1RMN	PDB	all_exact_repeat	measured	7	2	0.044447988	0.044614673	129545	54be22cc38bb58344c13dbe9eded80bf5d2637e48c3ef36b24cf81868a434d99	True	
1SSZ	PDB	pr_current	measured	1	0	0.155145901	0.155727367	177747	6e1679d0148a19ff7a879d4b08eb2f8cf621257f0fbed4fef0d875bff10fe8b9	True	
1SSZ	PDB	all_exact	measured	1	1	0.152544813	0.153148592	177747	6e1679d0148a19ff7a879d4b08eb2f8cf621257f0fbed4fef0d875bff10fe8b9	True	
1SSZ	PDB	all_exact_repeat	measured	1	2	0.131347517	0.131845981	177747	6e1679d0148a19ff7a879d4b08eb2f8cf621257f0fbed4fef0d875bff10fe8b9	True	
1SSZ	PDB	pr_current	measured	2	0	0.133546655	0.134071988	177747	6e1679d0148a19ff7a879d4b08eb2f8cf621257f0fbed4fef0d875bff10fe8b9	True	
1SSZ	PDB	all_exact_repeat	measured	2	1	0.142785108	0.143345918	177747	6e1679d0148a19ff7a879d4b08eb2f8cf621257f0fbed4fef0d875bff10fe8b9	True	
1SSZ	PDB	all_exact	measured	2	2	0.135368103	0.135897252	177747	6e1679d0148a19ff7a879d4b08eb2f8cf621257f0fbed4fef0d875bff10fe8b9	True	
1SSZ	PDB	pr_current	measured	3	0	0.163907898	0.161653716	177747	6e1679d0148a19ff7a879d4b08eb2f8cf621257f0fbed4fef0d875bff10fe8b9	True	
1SSZ	PDB	all_exact_repeat	measured	3	1	0.128989621	0.129501049	177747	6e1679d0148a19ff7a879d4b08eb2f8cf621257f0fbed4fef0d875bff10fe8b9	True	
1SSZ	PDB	all_exact	measured	3	2	0.143736187	0.144309843	177747	6e1679d0148a19ff7a879d4b08eb2f8cf621257f0fbed4fef0d875bff10fe8b9	True	
1SSZ	PDB	all_exact_repeat	measured	4	0	0.150327758	0.150923371	177747	6e1679d0148a19ff7a879d4b08eb2f8cf621257f0fbed4fef0d875bff10fe8b9	True	
1SSZ	PDB	all_exact	measured	4	1	0.147057398	0.147643048	177747	6e1679d0148a19ff7a879d4b08eb2f8cf621257f0fbed4fef0d875bff10fe8b9	True	
1SSZ	PDB	pr_current	measured	4	2	0.131255684	0.118966365	177747	6e1679d0148a19ff7a879d4b08eb2f8cf621257f0fbed4fef0d875bff10fe8b9	True	
1SSZ	PDB	all_exact	measured	5	0	0.123630116	0.124058096	177747	6e1679d0148a19ff7a879d4b08eb2f8cf621257f0fbed4fef0d875bff10fe8b9	True	
1SSZ	PDB	all_exact_repeat	measured	5	1	0.16946854	0.170147404	177747	6e1679d0148a19ff7a879d4b08eb2f8cf621257f0fbed4fef0d875bff10fe8b9	True	
1SSZ	PDB	pr_current	measured	5	2	0.174706743	0.175412627	177747	6e1679d0148a19ff7a879d4b08eb2f8cf621257f0fbed4fef0d875bff10fe8b9	True	
1SSZ	PDB	all_exact_repeat	measured	6	0	0.124882225	0.125309511	177747	6e1679d0148a19ff7a879d4b08eb2f8cf621257f0fbed4fef0d875bff10fe8b9	True	
1SSZ	PDB	pr_current	measured	6	1	0.140168576	0.140734196	177747	6e1679d0148a19ff7a879d4b08eb2f8cf621257f0fbed4fef0d875bff10fe8b9	True	
1SSZ	PDB	all_exact	measured	6	2	0.114372933	0.114832866	177747	6e1679d0148a19ff7a879d4b08eb2f8cf621257f0fbed4fef0d875bff10fe8b9	True	
1SSZ	PDB	pr_current	measured	7	0	0.14017267	0.140738178	177747	6e1679d0148a19ff7a879d4b08eb2f8cf621257f0fbed4fef0d875bff10fe8b9	True	
1SSZ	PDB	all_exact	measured	7	1	0.153146848	0.153286889	177747	6e1679d0148a19ff7a879d4b08eb2f8cf621257f0fbed4fef0d875bff10fe8b9	True	
1SSZ	PDB	all_exact_repeat	measured	7	2	0.118027453	0.116416238	177747	6e1679d0148a19ff7a879d4b08eb2f8cf621257f0fbed4fef0d875bff10fe8b9	True	
1UR6	PDB	pr_current	measured	1	0	0.404157449	0.400398358	312560	f75650bab9f5b91aaeaa195b8c57dcf65acc150ffd40b874f37a5d9df2499922	True	
1UR6	PDB	all_exact	measured	1	1	0.37669314	0.373645037	312560	f75650bab9f5b91aaeaa195b8c57dcf65acc150ffd40b874f37a5d9df2499922	True	
1UR6	PDB	all_exact_repeat	measured	1	2	0.291644826	0.276368696	312560	f75650bab9f5b91aaeaa195b8c57dcf65acc150ffd40b874f37a5d9df2499922	True	
1UR6	PDB	pr_current	measured	2	0	0.301103789	0.298926949	312560	f75650bab9f5b91aaeaa195b8c57dcf65acc150ffd40b874f37a5d9df2499922	True	
1UR6	PDB	all_exact_repeat	measured	2	1	0.297059855	0.29485394	312560	f75650bab9f5b91aaeaa195b8c57dcf65acc150ffd40b874f37a5d9df2499922	True	
1UR6	PDB	all_exact	measured	2	2	0.289128706	0.287310583	312560	f75650bab9f5b91aaeaa195b8c57dcf65acc150ffd40b874f37a5d9df2499922	True	
1UR6	PDB	all_exact_repeat	measured	3	0	0.278233052	0.276462881	312560	f75650bab9f5b91aaeaa195b8c57dcf65acc150ffd40b874f37a5d9df2499922	True	
1UR6	PDB	pr_current	measured	3	1	0.3040089	0.302494566	312560	f75650bab9f5b91aaeaa195b8c57dcf65acc150ffd40b874f37a5d9df2499922	True	
1UR6	PDB	all_exact	measured	3	2	0.275327339	0.273955819	312560	f75650bab9f5b91aaeaa195b8c57dcf65acc150ffd40b874f37a5d9df2499922	True	
1UR6	PDB	all_exact_repeat	measured	4	0	0.271428303	0.270075997	312560	f75650bab9f5b91aaeaa195b8c57dcf65acc150ffd40b874f37a5d9df2499922	True	
1UR6	PDB	all_exact	measured	4	1	0.276892576	0.27583039	312560	f75650bab9f5b91aaeaa195b8c57dcf65acc150ffd40b874f37a5d9df2499922	True	
1UR6	PDB	pr_current	measured	4	2	0.290934009	0.289235454	312560	f75650bab9f5b91aaeaa195b8c57dcf65acc150ffd40b874f37a5d9df2499922	True	
1UR6	PDB	all_exact	measured	5	0	0.298440301	0.297229862	312560	f75650bab9f5b91aaeaa195b8c57dcf65acc150ffd40b874f37a5d9df2499922	True	
1UR6	PDB	all_exact_repeat	measured	5	1	0.268677171	0.267909127	312560	f75650bab9f5b91aaeaa195b8c57dcf65acc150ffd40b874f37a5d9df2499922	True	
1UR6	PDB	pr_current	measured	5	2	0.280518368	0.279725151	312560	f75650bab9f5b91aaeaa195b8c57dcf65acc150ffd40b874f37a5d9df2499922	True	
1UR6	PDB	all_exact_repeat	measured	6	0	0.256763136	0.25601807	312560	f75650bab9f5b91aaeaa195b8c57dcf65acc150ffd40b874f37a5d9df2499922	True	
1UR6	PDB	pr_current	measured	6	1	0.311748592	0.311022456	312560	f75650bab9f5b91aaeaa195b8c57dcf65acc150ffd40b874f37a5d9df2499922	True	
1UR6	PDB	all_exact	measured	6	2	0.270208383	0.269682397	312560	f75650bab9f5b91aaeaa195b8c57dcf65acc150ffd40b874f37a5d9df2499922	True	
1UR6	PDB	pr_current	measured	7	0	0.297494088	0.287935996	312560	f75650bab9f5b91aaeaa195b8c57dcf65acc150ffd40b874f37a5d9df2499922	True	
1UR6	PDB	all_exact	measured	7	1	0.278374212	0.277877731	312560	f75650bab9f5b91aaeaa195b8c57dcf65acc150ffd40b874f37a5d9df2499922	True	
1UR6	PDB	all_exact_repeat	measured	7	2	0.287039436	0.2867015	312560	f75650bab9f5b91aaeaa195b8c57dcf65acc150ffd40b874f37a5d9df2499922	True	
2BVK	PDB	pr_current	measured	1	0	0.044206635	0.044207073	86997	1f76121da2ab39da459c24d7ac826327c34e69c9972048ac21b115f32f4244b9	True	
2BVK	PDB	all_exact	measured	1	1	0.04290726	0.04290096	86997	1f76121da2ab39da459c24d7ac826327c34e69c9972048ac21b115f32f4244b9	True	
2BVK	PDB	all_exact_repeat	measured	1	2	0.050150574	0.050150834	86997	1f76121da2ab39da459c24d7ac826327c34e69c9972048ac21b115f32f4244b9	True	
2BVK	PDB	pr_current	measured	2	0	0.041583747	0.041585962	86997	1f76121da2ab39da459c24d7ac826327c34e69c9972048ac21b115f32f4244b9	True	
2BVK	PDB	all_exact_repeat	measured	2	1	0.044400244	0.044398768	86997	1f76121da2ab39da459c24d7ac826327c34e69c9972048ac21b115f32f4244b9	True	
2BVK	PDB	all_exact	measured	2	2	0.036955585	0.036952075	86997	1f76121da2ab39da459c24d7ac826327c34e69c9972048ac21b115f32f4244b9	True	
2BVK	PDB	pr_current	measured	3	0	0.048446861	0.048446429	86997	1f76121da2ab39da459c24d7ac826327c34e69c9972048ac21b115f32f4244b9	True	
2BVK	PDB	all_exact_repeat	measured	3	1	0.041253317	0.041254458	86997	1f76121da2ab39da459c24d7ac826327c34e69c9972048ac21b115f32f4244b9	True	
2BVK	PDB	all_exact	measured	3	2	0.042037094	0.042036004	86997	1f76121da2ab39da459c24d7ac826327c34e69c9972048ac21b115f32f4244b9	True	
2BVK	PDB	all_exact_repeat	measured	4	0	0.041553856	0.041476103	86997	1f76121da2ab39da459c24d7ac826327c34e69c9972048ac21b115f32f4244b9	True	
2BVK	PDB	all_exact	measured	4	1	0.038086174	0.038065693	86997	1f76121da2ab39da459c24d7ac826327c34e69c9972048ac21b115f32f4244b9	True	
2BVK	PDB	pr_current	measured	4	2	0.043863865	0.043860801	86997	1f76121da2ab39da459c24d7ac826327c34e69c9972048ac21b115f32f4244b9	True	
2BVK	PDB	all_exact	measured	5	0	0.03347115	0.033468624	86997	1f76121da2ab39da459c24d7ac826327c34e69c9972048ac21b115f32f4244b9	True	
2BVK	PDB	all_exact_repeat	measured	5	1	0.051839712	0.051838931	86997	1f76121da2ab39da459c24d7ac826327c34e69c9972048ac21b115f32f4244b9	True	
2BVK	PDB	pr_current	measured	5	2	0.04475349	0.044749739	86997	1f76121da2ab39da459c24d7ac826327c34e69c9972048ac21b115f32f4244b9	True	
2BVK	PDB	pr_current	measured	6	0	0.050285819	0.050286414	86997	1f76121da2ab39da459c24d7ac826327c34e69c9972048ac21b115f32f4244b9	True	
2BVK	PDB	all_exact	measured	6	1	0.047715097	0.047724356	86997	1f76121da2ab39da459c24d7ac826327c34e69c9972048ac21b115f32f4244b9	True	
2BVK	PDB	all_exact_repeat	measured	6	2	0.066034129	0.066050984	86997	1f76121da2ab39da459c24d7ac826327c34e69c9972048ac21b115f32f4244b9	True	
2BVK	PDB	pr_current	measured	7	0	0.052924903	0.052952811	86997	1f76121da2ab39da459c24d7ac826327c34e69c9972048ac21b115f32f4244b9	True	
2BVK	PDB	all_exact	measured	7	1	0.035728256	0.035746683	86997	1f76121da2ab39da459c24d7ac826327c34e69c9972048ac21b115f32f4244b9	True	
2BVK	PDB	all_exact_repeat	measured	7	2	0.03055406	0.030565904	86997	1f76121da2ab39da459c24d7ac826327c34e69c9972048ac21b115f32f4244b9	True	
2LGI	PDB	pr_current	measured	1	0	0.279071759	0.279495908	209115	16b796f09e4cdd12a61d219eed4cecd9335e5854ddc744084a165bbaffff6215	True	
2LGI	PDB	all_exact	measured	1	1	0.198506561	0.198743418	209115	16b796f09e4cdd12a61d219eed4cecd9335e5854ddc744084a165bbaffff6215	True	
2LGI	PDB	all_exact_repeat	measured	1	2	0.232798013	0.233220466	209115	16b796f09e4cdd12a61d219eed4cecd9335e5854ddc744084a165bbaffff6215	True	
2LGI	PDB	pr_current	measured	2	0	0.254450507	0.254926815	209115	16b796f09e4cdd12a61d219eed4cecd9335e5854ddc744084a165bbaffff6215	True	
2LGI	PDB	all_exact_repeat	measured	2	1	0.167846285	0.168157398	209115	16b796f09e4cdd12a61d219eed4cecd9335e5854ddc744084a165bbaffff6215	True	
2LGI	PDB	all_exact	measured	2	2	0.237672123	0.238094879	209115	16b796f09e4cdd12a61d219eed4cecd9335e5854ddc744084a165bbaffff6215	True	
2LGI	PDB	pr_current	measured	3	0	0.407784833	0.408645159	209115	16b796f09e4cdd12a61d219eed4cecd9335e5854ddc744084a165bbaffff6215	True	
2LGI	PDB	all_exact	measured	3	1	0.206371121	0.206816827	209115	16b796f09e4cdd12a61d219eed4cecd9335e5854ddc744084a165bbaffff6215	True	
2LGI	PDB	all_exact_repeat	measured	3	2	0.187806292	0.188213142	209115	16b796f09e4cdd12a61d219eed4cecd9335e5854ddc744084a165bbaffff6215	True	
2LGI	PDB	all_exact_repeat	measured	4	0	0.242560262	0.24303479	209115	16b796f09e4cdd12a61d219eed4cecd9335e5854ddc744084a165bbaffff6215	True	
2LGI	PDB	all_exact	measured	4	1	0.21396114	0.214481792	209115	16b796f09e4cdd12a61d219eed4cecd9335e5854ddc744084a165bbaffff6215	True	
2LGI	PDB	pr_current	measured	4	2	0.250089886	0.250698904	209115	16b796f09e4cdd12a61d219eed4cecd9335e5854ddc744084a165bbaffff6215	True	
2LGI	PDB	all_exact	measured	5	0	0.183675556	0.184140974	209115	16b796f09e4cdd12a61d219eed4cecd9335e5854ddc744084a165bbaffff6215	True	
2LGI	PDB	all_exact_repeat	measured	5	1	0.156678749	0.157086382	209115	16b796f09e4cdd12a61d219eed4cecd9335e5854ddc744084a165bbaffff6215	True	
2LGI	PDB	pr_current	measured	5	2	0.182503724	0.183016722	209115	16b796f09e4cdd12a61d219eed4cecd9335e5854ddc744084a165bbaffff6215	True	
2LGI	PDB	pr_current	measured	6	0	0.184483493	0.185006904	209115	16b796f09e4cdd12a61d219eed4cecd9335e5854ddc744084a165bbaffff6215	True	
2LGI	PDB	all_exact	measured	6	1	0.297582495	0.298430271	209115	16b796f09e4cdd12a61d219eed4cecd9335e5854ddc744084a165bbaffff6215	True	
2LGI	PDB	all_exact_repeat	measured	6	2	0.18176895	0.18223101	209115	16b796f09e4cdd12a61d219eed4cecd9335e5854ddc744084a165bbaffff6215	True	
2LGI	PDB	pr_current	measured	7	0	0.225984287	0.216201119	209115	16b796f09e4cdd12a61d219eed4cecd9335e5854ddc744084a165bbaffff6215	True	
2LGI	PDB	all_exact	measured	7	1	0.21578218	0.216437699	209115	16b796f09e4cdd12a61d219eed4cecd9335e5854ddc744084a165bbaffff6215	True	
2LGI	PDB	all_exact_repeat	measured	7	2	0.175795761	0.176328246	209115	16b796f09e4cdd12a61d219eed4cecd9335e5854ddc744084a165bbaffff6215	True	
2XKM	PDB	pr_current	measured	1	0	0.03859127	0.038716528	125319	75d7d4a28c917a0683d28d2d3defb042ef1e4bb6d953e57715cdf61dda5f0363	True	
2XKM	PDB	all_exact	measured	1	1	0.041829332	0.041964303	125319	75d7d4a28c917a0683d28d2d3defb042ef1e4bb6d953e57715cdf61dda5f0363	True	
2XKM	PDB	all_exact_repeat	measured	1	2	0.040949201	0.0410816	125319	75d7d4a28c917a0683d28d2d3defb042ef1e4bb6d953e57715cdf61dda5f0363	True	
2XKM	PDB	pr_current	measured	2	0	0.039381002	0.039508796	125319	75d7d4a28c917a0683d28d2d3defb042ef1e4bb6d953e57715cdf61dda5f0363	True	
2XKM	PDB	all_exact_repeat	measured	2	1	0.040263352	0.040395942	125319	75d7d4a28c917a0683d28d2d3defb042ef1e4bb6d953e57715cdf61dda5f0363	True	
2XKM	PDB	all_exact	measured	2	2	0.043376977	0.043518209	125319	75d7d4a28c917a0683d28d2d3defb042ef1e4bb6d953e57715cdf61dda5f0363	True	
2XKM	PDB	all_exact	measured	3	0	0.035487081	0.03559982	125319	75d7d4a28c917a0683d28d2d3defb042ef1e4bb6d953e57715cdf61dda5f0363	True	
2XKM	PDB	pr_current	measured	3	1	0.041824697	0.041956265	125319	75d7d4a28c917a0683d28d2d3defb042ef1e4bb6d953e57715cdf61dda5f0363	True	
2XKM	PDB	all_exact_repeat	measured	3	2	0.039231299	0.0393595	125319	75d7d4a28c917a0683d28d2d3defb042ef1e4bb6d953e57715cdf61dda5f0363	True	
2XKM	PDB	all_exact_repeat	measured	4	0	0.038112989	0.038237274	125319	75d7d4a28c917a0683d28d2d3defb042ef1e4bb6d953e57715cdf61dda5f0363	True	
2XKM	PDB	all_exact	measured	4	1	0.033322527	0.033431612	125319	75d7d4a28c917a0683d28d2d3defb042ef1e4bb6d953e57715cdf61dda5f0363	True	
2XKM	PDB	pr_current	measured	4	2	0.045116662	0.045263167	125319	75d7d4a28c917a0683d28d2d3defb042ef1e4bb6d953e57715cdf61dda5f0363	True	
2XKM	PDB	all_exact	measured	5	0	0.039648012	0.039776188	125319	75d7d4a28c917a0683d28d2d3defb042ef1e4bb6d953e57715cdf61dda5f0363	True	
2XKM	PDB	all_exact_repeat	measured	5	1	0.041261455	0.041396391	125319	75d7d4a28c917a0683d28d2d3defb042ef1e4bb6d953e57715cdf61dda5f0363	True	
2XKM	PDB	pr_current	measured	5	2	0.050718984	0.050883085	125319	75d7d4a28c917a0683d28d2d3defb042ef1e4bb6d953e57715cdf61dda5f0363	True	
2XKM	PDB	pr_current	measured	6	0	0.045016359	0.045164678	125319	75d7d4a28c917a0683d28d2d3defb042ef1e4bb6d953e57715cdf61dda5f0363	True	
2XKM	PDB	all_exact	measured	6	1	0.035852869	0.035970449	125319	75d7d4a28c917a0683d28d2d3defb042ef1e4bb6d953e57715cdf61dda5f0363	True	
2XKM	PDB	all_exact_repeat	measured	6	2	0.035205075	0.035315081	125319	75d7d4a28c917a0683d28d2d3defb042ef1e4bb6d953e57715cdf61dda5f0363	True	
2XKM	PDB	pr_current	measured	7	0	0.045051364	0.0451808	125319	75d7d4a28c917a0683d28d2d3defb042ef1e4bb6d953e57715cdf61dda5f0363	True	
2XKM	PDB	all_exact	measured	7	1	0.038712876	0.038835416	125319	75d7d4a28c917a0683d28d2d3defb042ef1e4bb6d953e57715cdf61dda5f0363	True	
2XKM	PDB	all_exact_repeat	measured	7	2	0.034481317	0.034593352	125319	75d7d4a28c917a0683d28d2d3defb042ef1e4bb6d953e57715cdf61dda5f0363	True	
3HQV	PDB	pr_current	measured	1	0	0.118641349	0.119070293	178726	7c665703e0ce4cb018cb1da63791e4bbe9badc791f1dbbedbee15b242cdc0d4b	True	
3HQV	PDB	all_exact	measured	1	1	0.112764623	0.113147097	178726	7c665703e0ce4cb018cb1da63791e4bbe9badc791f1dbbedbee15b242cdc0d4b	True	
3HQV	PDB	all_exact_repeat	measured	1	2	0.104952796	0.105331122	178726	7c665703e0ce4cb018cb1da63791e4bbe9badc791f1dbbedbee15b242cdc0d4b	True	
3HQV	PDB	pr_current	measured	2	0	0.096380183	0.096727256	178726	7c665703e0ce4cb018cb1da63791e4bbe9badc791f1dbbedbee15b242cdc0d4b	True	
3HQV	PDB	all_exact_repeat	measured	2	1	0.095322971	0.095666547	178726	7c665703e0ce4cb018cb1da63791e4bbe9badc791f1dbbedbee15b242cdc0d4b	True	
3HQV	PDB	all_exact	measured	2	2	0.089441178	0.089744807	178726	7c665703e0ce4cb018cb1da63791e4bbe9badc791f1dbbedbee15b242cdc0d4b	True	
3HQV	PDB	pr_current	measured	3	0	0.120514835	0.120947686	178726	7c665703e0ce4cb018cb1da63791e4bbe9badc791f1dbbedbee15b242cdc0d4b	True	
3HQV	PDB	all_exact	measured	3	1	0.103094061	0.103462346	178726	7c665703e0ce4cb018cb1da63791e4bbe9badc791f1dbbedbee15b242cdc0d4b	True	
3HQV	PDB	all_exact_repeat	measured	3	2	0.1144916	0.102161842	178726	7c665703e0ce4cb018cb1da63791e4bbe9badc791f1dbbedbee15b242cdc0d4b	True	
3HQV	PDB	all_exact_repeat	measured	4	0	0.117119432	0.11755534	178726	7c665703e0ce4cb018cb1da63791e4bbe9badc791f1dbbedbee15b242cdc0d4b	True	
3HQV	PDB	all_exact	measured	4	1	0.106684176	0.107077886	178726	7c665703e0ce4cb018cb1da63791e4bbe9badc791f1dbbedbee15b242cdc0d4b	True	
3HQV	PDB	pr_current	measured	4	2	0.106344019	0.106738976	178726	7c665703e0ce4cb018cb1da63791e4bbe9badc791f1dbbedbee15b242cdc0d4b	True	
3HQV	PDB	all_exact	measured	5	0	0.101396909	0.101773742	178726	7c665703e0ce4cb018cb1da63791e4bbe9badc791f1dbbedbee15b242cdc0d4b	True	
3HQV	PDB	all_exact_repeat	measured	5	1	0.087340968	0.087663612	178726	7c665703e0ce4cb018cb1da63791e4bbe9badc791f1dbbedbee15b242cdc0d4b	True	
3HQV	PDB	pr_current	measured	5	2	0.107512106	0.107868831	178726	7c665703e0ce4cb018cb1da63791e4bbe9badc791f1dbbedbee15b242cdc0d4b	True	
3HQV	PDB	pr_current	measured	6	0	0.107029999	0.106923892	178726	7c665703e0ce4cb018cb1da63791e4bbe9badc791f1dbbedbee15b242cdc0d4b	True	
3HQV	PDB	all_exact	measured	6	1	0.095711859	0.096074725	178726	7c665703e0ce4cb018cb1da63791e4bbe9badc791f1dbbedbee15b242cdc0d4b	True	
3HQV	PDB	all_exact_repeat	measured	6	2	0.115870679	0.116311527	178726	7c665703e0ce4cb018cb1da63791e4bbe9badc791f1dbbedbee15b242cdc0d4b	True	
3HQV	PDB	pr_current	measured	7	0	0.131389045	0.131889646	178726	7c665703e0ce4cb018cb1da63791e4bbe9badc791f1dbbedbee15b242cdc0d4b	True	
3HQV	PDB	all_exact	measured	7	1	0.137346212	0.137859791	178726	7c665703e0ce4cb018cb1da63791e4bbe9badc791f1dbbedbee15b242cdc0d4b	True	
3HQV	PDB	all_exact_repeat	measured	7	2	0.093895582	0.094252254	178726	7c665703e0ce4cb018cb1da63791e4bbe9badc791f1dbbedbee15b242cdc0d4b	True	
3IFX	PDB	pr_current	measured	1	0	0.372306547	0.373706265	263570	3adfcb0a53742c600a202c53c9741999fcb95e604a11662e24b10219b168a5ec	True	
3IFX	PDB	all_exact	measured	1	1	0.227754887	0.228630603	263570	3adfcb0a53742c600a202c53c9741999fcb95e604a11662e24b10219b168a5ec	True	
3IFX	PDB	all_exact_repeat	measured	1	2	0.132067219	0.132549218	263570	3adfcb0a53742c600a202c53c9741999fcb95e604a11662e24b10219b168a5ec	True	
3IFX	PDB	pr_current	measured	2	0	0.124977545	0.125448272	263570	3adfcb0a53742c600a202c53c9741999fcb95e604a11662e24b10219b168a5ec	True	
3IFX	PDB	all_exact_repeat	measured	2	1	0.093680196	0.094043167	263570	3adfcb0a53742c600a202c53c9741999fcb95e604a11662e24b10219b168a5ec	True	
3IFX	PDB	all_exact	measured	2	2	0.105316588	0.105724758	263570	3adfcb0a53742c600a202c53c9741999fcb95e604a11662e24b10219b168a5ec	True	
3IFX	PDB	all_exact	measured	3	0	0.092379374	0.092736962	263570	3adfcb0a53742c600a202c53c9741999fcb95e604a11662e24b10219b168a5ec	True	
3IFX	PDB	all_exact_repeat	measured	3	1	0.085867066	0.086198232	263570	3adfcb0a53742c600a202c53c9741999fcb95e604a11662e24b10219b168a5ec	True	
3IFX	PDB	pr_current	measured	3	2	0.119929218	0.11883084	263570	3adfcb0a53742c600a202c53c9741999fcb95e604a11662e24b10219b168a5ec	True	
3IFX	PDB	all_exact_repeat	measured	4	0	0.109894134	0.110320348	263570	3adfcb0a53742c600a202c53c9741999fcb95e604a11662e24b10219b168a5ec	True	
3IFX	PDB	all_exact	measured	4	1	0.107897322	0.108241162	263570	3adfcb0a53742c600a202c53c9741999fcb95e604a11662e24b10219b168a5ec	True	
3IFX	PDB	pr_current	measured	4	2	0.125966347	0.126438557	263570	3adfcb0a53742c600a202c53c9741999fcb95e604a11662e24b10219b168a5ec	True	
3IFX	PDB	all_exact	measured	5	0	0.109702435	0.11013174	263570	3adfcb0a53742c600a202c53c9741999fcb95e604a11662e24b10219b168a5ec	True	
3IFX	PDB	all_exact_repeat	measured	5	1	0.139917538	0.136770818	263570	3adfcb0a53742c600a202c53c9741999fcb95e604a11662e24b10219b168a5ec	True	
3IFX	PDB	pr_current	measured	5	2	0.120326884	0.12077377	263570	3adfcb0a53742c600a202c53c9741999fcb95e604a11662e24b10219b168a5ec	True	
3IFX	PDB	all_exact	measured	6	0	0.117183708	0.117635489	263570	3adfcb0a53742c600a202c53c9741999fcb95e604a11662e24b10219b168a5ec	True	
3IFX	PDB	all_exact_repeat	measured	6	1	0.120494745	0.120968369	263570	3adfcb0a53742c600a202c53c9741999fcb95e604a11662e24b10219b168a5ec	True	
3IFX	PDB	pr_current	measured	6	2	0.104256131	0.104667646	263570	3adfcb0a53742c600a202c53c9741999fcb95e604a11662e24b10219b168a5ec	True	
3IFX	PDB	pr_current	measured	7	0	0.114183419	0.114579977	263570	3adfcb0a53742c600a202c53c9741999fcb95e604a11662e24b10219b168a5ec	True	
3IFX	PDB	all_exact	measured	7	1	0.090587176	0.090941006	263570	3adfcb0a53742c600a202c53c9741999fcb95e604a11662e24b10219b168a5ec	True	
3IFX	PDB	all_exact_repeat	measured	7	2	0.100237013	0.100632261	263570	3adfcb0a53742c600a202c53c9741999fcb95e604a11662e24b10219b168a5ec	True	
3J3Q	PDB	pr_current	measured	1	0	55.107569022	54.955298267	29156671	9ec06ed89d9c501a5a80ae8da26547c6f2aa335920842eca8f6683b92cf40c94	True	
3J3Q	PDB	all_exact	measured	1	1	46.982276908	46.862100373	29156671	9ec06ed89d9c501a5a80ae8da26547c6f2aa335920842eca8f6683b92cf40c94	True	
3J3Q	PDB	all_exact_repeat	measured	1	2	48.192145683	48.119590563	29156671	9ec06ed89d9c501a5a80ae8da26547c6f2aa335920842eca8f6683b92cf40c94	True	
3J3Q	PDB	pr_current	measured	2	0	54.33503544	54.246407009	29156671	9ec06ed89d9c501a5a80ae8da26547c6f2aa335920842eca8f6683b92cf40c94	True	
3J3Q	PDB	all_exact_repeat	measured	2	1	49.35736939	49.213732739	29156671	9ec06ed89d9c501a5a80ae8da26547c6f2aa335920842eca8f6683b92cf40c94	True	
3J3Q	PDB	all_exact	measured	2	2	54.247989282	54.082730477	29156671	9ec06ed89d9c501a5a80ae8da26547c6f2aa335920842eca8f6683b92cf40c94	True	
3J3Q	PDB	all_exact	measured	3	0	50.027799686	49.888407677	29156671	9ec06ed89d9c501a5a80ae8da26547c6f2aa335920842eca8f6683b92cf40c94	True	
3J3Q	PDB	pr_current	measured	3	1	53.180707292	53.105769081	29156671	9ec06ed89d9c501a5a80ae8da26547c6f2aa335920842eca8f6683b92cf40c94	True	
3J3Q	PDB	all_exact_repeat	measured	3	2	46.527264212	46.462119161	29156671	9ec06ed89d9c501a5a80ae8da26547c6f2aa335920842eca8f6683b92cf40c94	True	
3J3Q	PDB	all_exact_repeat	measured	4	0	46.587138099	46.44395328	29156671	9ec06ed89d9c501a5a80ae8da26547c6f2aa335920842eca8f6683b92cf40c94	True	
3J3Q	PDB	all_exact	measured	4	1	44.764095235	44.707761281	29156671	9ec06ed89d9c501a5a80ae8da26547c6f2aa335920842eca8f6683b92cf40c94	True	
3J3Q	PDB	pr_current	measured	4	2	47.832410298	47.746707306	29156671	9ec06ed89d9c501a5a80ae8da26547c6f2aa335920842eca8f6683b92cf40c94	True	
3J3Q	PDB	all_exact	measured	5	0	43.258481084	43.147883363	29156671	9ec06ed89d9c501a5a80ae8da26547c6f2aa335920842eca8f6683b92cf40c94	True	
3J3Q	PDB	all_exact_repeat	measured	5	1	42.357405063	42.318024691	29156671	9ec06ed89d9c501a5a80ae8da26547c6f2aa335920842eca8f6683b92cf40c94	True	
3J3Q	PDB	pr_current	measured	5	2	51.949811863	51.828514875	29156671	9ec06ed89d9c501a5a80ae8da26547c6f2aa335920842eca8f6683b92cf40c94	True	
3J3Q	PDB	all_exact_repeat	measured	6	0	43.478603395	43.381234123	29156671	9ec06ed89d9c501a5a80ae8da26547c6f2aa335920842eca8f6683b92cf40c94	True	
3J3Q	PDB	all_exact	measured	6	1	53.800717973	53.778391404	29156671	9ec06ed89d9c501a5a80ae8da26547c6f2aa335920842eca8f6683b92cf40c94	True	
3J3Q	PDB	pr_current	measured	6	2	45.038282709	45.031038975	29156671	9ec06ed89d9c501a5a80ae8da26547c6f2aa335920842eca8f6683b92cf40c94	True	
3J3Q	PDB	pr_current	measured	7	0	42.398488062	42.258220649	29156671	9ec06ed89d9c501a5a80ae8da26547c6f2aa335920842eca8f6683b92cf40c94	True	
3J3Q	PDB	all_exact	measured	7	1	38.831656393	38.787638014	29156671	9ec06ed89d9c501a5a80ae8da26547c6f2aa335920842eca8f6683b92cf40c94	True	
3J3Q	PDB	all_exact_repeat	measured	7	2	40.300549936	40.242109768	29156671	9ec06ed89d9c501a5a80ae8da26547c6f2aa335920842eca8f6683b92cf40c94	True	
3PDM	PDB	pr_current	measured	1	0	0.05305548	0.053343761	163628	fc43d98dd18911a4fbf3d5cc884ce7ef809e295e00f3e227bfbb3ac26677825b	True	
3PDM	PDB	all_exact	measured	1	1	0.051148593	0.046143285	163628	fc43d98dd18911a4fbf3d5cc884ce7ef809e295e00f3e227bfbb3ac26677825b	True	
3PDM	PDB	all_exact_repeat	measured	1	2	0.045151488	0.045410499	163628	fc43d98dd18911a4fbf3d5cc884ce7ef809e295e00f3e227bfbb3ac26677825b	True	
3PDM	PDB	pr_current	measured	2	0	0.067810132	0.068201549	163628	fc43d98dd18911a4fbf3d5cc884ce7ef809e295e00f3e227bfbb3ac26677825b	True	
3PDM	PDB	all_exact_repeat	measured	2	1	0.041589242	0.041829059	163628	fc43d98dd18911a4fbf3d5cc884ce7ef809e295e00f3e227bfbb3ac26677825b	True	
3PDM	PDB	all_exact	measured	2	2	0.041099104	0.041334266	163628	fc43d98dd18911a4fbf3d5cc884ce7ef809e295e00f3e227bfbb3ac26677825b	True	
3PDM	PDB	all_exact	measured	3	0	0.040931151	0.041163658	163628	fc43d98dd18911a4fbf3d5cc884ce7ef809e295e00f3e227bfbb3ac26677825b	True	
3PDM	PDB	pr_current	measured	3	1	0.047659299	0.047935002	163628	fc43d98dd18911a4fbf3d5cc884ce7ef809e295e00f3e227bfbb3ac26677825b	True	
3PDM	PDB	all_exact_repeat	measured	3	2	0.041770898	0.042011145	163628	fc43d98dd18911a4fbf3d5cc884ce7ef809e295e00f3e227bfbb3ac26677825b	True	
3PDM	PDB	all_exact_repeat	measured	4	0	0.041796817	0.042035241	163628	fc43d98dd18911a4fbf3d5cc884ce7ef809e295e00f3e227bfbb3ac26677825b	True	
3PDM	PDB	all_exact	measured	4	1	0.043453068	0.043701984	163628	fc43d98dd18911a4fbf3d5cc884ce7ef809e295e00f3e227bfbb3ac26677825b	True	
3PDM	PDB	pr_current	measured	4	2	0.04937617	0.049657303	163628	fc43d98dd18911a4fbf3d5cc884ce7ef809e295e00f3e227bfbb3ac26677825b	True	
3PDM	PDB	all_exact	measured	5	0	0.055053405	0.055368235	163628	fc43d98dd18911a4fbf3d5cc884ce7ef809e295e00f3e227bfbb3ac26677825b	True	
3PDM	PDB	all_exact_repeat	measured	5	1	0.038255549	0.038473976	163628	fc43d98dd18911a4fbf3d5cc884ce7ef809e295e00f3e227bfbb3ac26677825b	True	
3PDM	PDB	pr_current	measured	5	2	0.047729764	0.048000456	163628	fc43d98dd18911a4fbf3d5cc884ce7ef809e295e00f3e227bfbb3ac26677825b	True	
3PDM	PDB	pr_current	measured	6	0	0.051664422	0.051960258	163628	fc43d98dd18911a4fbf3d5cc884ce7ef809e295e00f3e227bfbb3ac26677825b	True	
3PDM	PDB	all_exact	measured	6	1	0.049677268	0.049961392	163628	fc43d98dd18911a4fbf3d5cc884ce7ef809e295e00f3e227bfbb3ac26677825b	True	
3PDM	PDB	all_exact_repeat	measured	6	2	0.0472443	0.047495137	163628	fc43d98dd18911a4fbf3d5cc884ce7ef809e295e00f3e227bfbb3ac26677825b	True	
3PDM	PDB	pr_current	measured	7	0	0.053362067	0.05367084	163628	fc43d98dd18911a4fbf3d5cc884ce7ef809e295e00f3e227bfbb3ac26677825b	True	
3PDM	PDB	all_exact	measured	7	1	0.042431241	0.042678766	163628	fc43d98dd18911a4fbf3d5cc884ce7ef809e295e00f3e227bfbb3ac26677825b	True	
3PDM	PDB	all_exact_repeat	measured	7	2	0.040400342	0.040634514	163628	fc43d98dd18911a4fbf3d5cc884ce7ef809e295e00f3e227bfbb3ac26677825b	True	
4BTS	PDB	pr_current	measured	1	0	6.936395073	6.933744415	6442338	930d7bd4185f1dbade74c49bceccbf8feedc203ea25848ff34aa1f8744238f41	True	
4BTS	PDB	all_exact	measured	1	1	6.086341776	6.035499363	6442338	930d7bd4185f1dbade74c49bceccbf8feedc203ea25848ff34aa1f8744238f41	True	
4BTS	PDB	all_exact_repeat	measured	1	2	6.911984719	6.907941179	6442338	930d7bd4185f1dbade74c49bceccbf8feedc203ea25848ff34aa1f8744238f41	True	
4BTS	PDB	pr_current	measured	2	0	8.454956312	8.489199937	6442338	930d7bd4185f1dbade74c49bceccbf8feedc203ea25848ff34aa1f8744238f41	True	
4BTS	PDB	all_exact_repeat	measured	2	1	6.873762739	6.903258177	6442338	930d7bd4185f1dbade74c49bceccbf8feedc203ea25848ff34aa1f8744238f41	True	
4BTS	PDB	all_exact	measured	2	2	6.853215533	6.772055655	6442338	930d7bd4185f1dbade74c49bceccbf8feedc203ea25848ff34aa1f8744238f41	True	
4BTS	PDB	pr_current	measured	3	0	7.483540485	7.476086716	6442338	930d7bd4185f1dbade74c49bceccbf8feedc203ea25848ff34aa1f8744238f41	True	
4BTS	PDB	all_exact	measured	3	1	6.504544266	6.524523123	6442338	930d7bd4185f1dbade74c49bceccbf8feedc203ea25848ff34aa1f8744238f41	True	
4BTS	PDB	all_exact_repeat	measured	3	2	6.948102236	6.976895887	6442338	930d7bd4185f1dbade74c49bceccbf8feedc203ea25848ff34aa1f8744238f41	True	
4BTS	PDB	all_exact_repeat	measured	4	0	6.403858449	6.333608022	6442338	930d7bd4185f1dbade74c49bceccbf8feedc203ea25848ff34aa1f8744238f41	True	
4BTS	PDB	all_exact	measured	4	1	6.234533865	6.214376757	6442338	930d7bd4185f1dbade74c49bceccbf8feedc203ea25848ff34aa1f8744238f41	True	
4BTS	PDB	pr_current	measured	4	2	7.44587721	7.462235341	6442338	930d7bd4185f1dbade74c49bceccbf8feedc203ea25848ff34aa1f8744238f41	True	
4BTS	PDB	all_exact	measured	5	0	6.612968111	6.640010818	6442338	930d7bd4185f1dbade74c49bceccbf8feedc203ea25848ff34aa1f8744238f41	True	
4BTS	PDB	all_exact_repeat	measured	5	1	6.637200198	6.598609937	6442338	930d7bd4185f1dbade74c49bceccbf8feedc203ea25848ff34aa1f8744238f41	True	
4BTS	PDB	pr_current	measured	5	2	7.413382134	7.37665457	6442338	930d7bd4185f1dbade74c49bceccbf8feedc203ea25848ff34aa1f8744238f41	True	
4BTS	PDB	pr_current	measured	6	0	7.380553043	7.394992666	6442338	930d7bd4185f1dbade74c49bceccbf8feedc203ea25848ff34aa1f8744238f41	True	
4BTS	PDB	all_exact	measured	6	1	6.755532811	6.786062851	6442338	930d7bd4185f1dbade74c49bceccbf8feedc203ea25848ff34aa1f8744238f41	True	
4BTS	PDB	all_exact_repeat	measured	6	2	6.182580272	6.168407462	6442338	930d7bd4185f1dbade74c49bceccbf8feedc203ea25848ff34aa1f8744238f41	True	
4BTS	PDB	pr_current	measured	7	0	7.216538186	7.163675948	6442338	930d7bd4185f1dbade74c49bceccbf8feedc203ea25848ff34aa1f8744238f41	True	
4BTS	PDB	all_exact	measured	7	1	6.170256304	6.174566332	6442338	930d7bd4185f1dbade74c49bceccbf8feedc203ea25848ff34aa1f8744238f41	True	
4BTS	PDB	all_exact_repeat	measured	7	2	8.305708596	8.337680823	6442338	930d7bd4185f1dbade74c49bceccbf8feedc203ea25848ff34aa1f8744238f41	True	
4HHB	PDB	pr_current	measured	1	0	0.210282213	0.211172993	312728	fda1851cb09a253f5b769ff7fbd3608c8f5a285f22f03fce78858424aab37d9f	True	
4HHB	PDB	all_exact	measured	1	1	0.204332317	0.205180696	312728	fda1851cb09a253f5b769ff7fbd3608c8f5a285f22f03fce78858424aab37d9f	True	
4HHB	PDB	all_exact_repeat	measured	1	2	0.198284864	0.194936674	312728	fda1851cb09a253f5b769ff7fbd3608c8f5a285f22f03fce78858424aab37d9f	True	
4HHB	PDB	pr_current	measured	2	0	0.237008833	0.238057279	312728	fda1851cb09a253f5b769ff7fbd3608c8f5a285f22f03fce78858424aab37d9f	True	
4HHB	PDB	all_exact_repeat	measured	2	1	0.202039415	0.202945179	312728	fda1851cb09a253f5b769ff7fbd3608c8f5a285f22f03fce78858424aab37d9f	True	
4HHB	PDB	all_exact	measured	2	2	0.286063902	0.287350536	312728	fda1851cb09a253f5b769ff7fbd3608c8f5a285f22f03fce78858424aab37d9f	True	
4HHB	PDB	pr_current	measured	3	0	0.250082966	0.251192509	312728	fda1851cb09a253f5b769ff7fbd3608c8f5a285f22f03fce78858424aab37d9f	True	
4HHB	PDB	all_exact	measured	3	1	0.209903714	0.210877138	312728	fda1851cb09a253f5b769ff7fbd3608c8f5a285f22f03fce78858424aab37d9f	True	
4HHB	PDB	all_exact_repeat	measured	3	2	0.255492993	0.256672859	312728	fda1851cb09a253f5b769ff7fbd3608c8f5a285f22f03fce78858424aab37d9f	True	
4HHB	PDB	all_exact_repeat	measured	4	0	0.182319665	0.183152989	312728	fda1851cb09a253f5b769ff7fbd3608c8f5a285f22f03fce78858424aab37d9f	True	
4HHB	PDB	all_exact	measured	4	1	0.192279446	0.193171604	312728	fda1851cb09a253f5b769ff7fbd3608c8f5a285f22f03fce78858424aab37d9f	True	
4HHB	PDB	pr_current	measured	4	2	0.234509152	0.230544143	312728	fda1851cb09a253f5b769ff7fbd3608c8f5a285f22f03fce78858424aab37d9f	True	
4HHB	PDB	all_exact	measured	5	0	0.195344349	0.196302985	312728	fda1851cb09a253f5b769ff7fbd3608c8f5a285f22f03fce78858424aab37d9f	True	
4HHB	PDB	all_exact_repeat	measured	5	1	0.18654185	0.187457359	312728	fda1851cb09a253f5b769ff7fbd3608c8f5a285f22f03fce78858424aab37d9f	True	
4HHB	PDB	pr_current	measured	5	2	0.227631533	0.22874829	312728	fda1851cb09a253f5b769ff7fbd3608c8f5a285f22f03fce78858424aab37d9f	True	
4HHB	PDB	all_exact_repeat	measured	6	0	0.214088625	0.215130108	312728	fda1851cb09a253f5b769ff7fbd3608c8f5a285f22f03fce78858424aab37d9f	True	
4HHB	PDB	all_exact	measured	6	1	0.215283981	0.216373514	312728	fda1851cb09a253f5b769ff7fbd3608c8f5a285f22f03fce78858424aab37d9f	True	
4HHB	PDB	pr_current	measured	6	2	0.154122927	0.154894513	312728	fda1851cb09a253f5b769ff7fbd3608c8f5a285f22f03fce78858424aab37d9f	True	
4HHB	PDB	pr_current	measured	7	0	0.155092398	0.155861878	312728	fda1851cb09a253f5b769ff7fbd3608c8f5a285f22f03fce78858424aab37d9f	True	
4HHB	PDB	all_exact	measured	7	1	0.132941709	0.133598931	312728	fda1851cb09a253f5b769ff7fbd3608c8f5a285f22f03fce78858424aab37d9f	True	
4HHB	PDB	all_exact_repeat	measured	7	2	0.133383805	0.134046697	312728	fda1851cb09a253f5b769ff7fbd3608c8f5a285f22f03fce78858424aab37d9f	True	
6VC1	PDB	pr_current	measured	1	0	0.029031513	0.029179953	192761	948e964ca94cb67d2ee2290d4feb080965ad5ba6224465d0f486242c8d32a677	True	
6VC1	PDB	all_exact	measured	1	1	0.025915632	0.026047746	192761	948e964ca94cb67d2ee2290d4feb080965ad5ba6224465d0f486242c8d32a677	True	
6VC1	PDB	all_exact_repeat	measured	1	2	0.026445838	0.026581613	192761	948e964ca94cb67d2ee2290d4feb080965ad5ba6224465d0f486242c8d32a677	True	
6VC1	PDB	pr_current	measured	2	0	0.028642178	0.028782867	192761	948e964ca94cb67d2ee2290d4feb080965ad5ba6224465d0f486242c8d32a677	True	
6VC1	PDB	all_exact_repeat	measured	2	1	0.026018619	0.026155227	192761	948e964ca94cb67d2ee2290d4feb080965ad5ba6224465d0f486242c8d32a677	True	
6VC1	PDB	all_exact	measured	2	2	0.026527748	0.026667126	192761	948e964ca94cb67d2ee2290d4feb080965ad5ba6224465d0f486242c8d32a677	True	
6VC1	PDB	all_exact_repeat	measured	3	0	0.026268213	0.026404457	192761	948e964ca94cb67d2ee2290d4feb080965ad5ba6224465d0f486242c8d32a677	True	
6VC1	PDB	pr_current	measured	3	1	0.03060526	0.030762861	192761	948e964ca94cb67d2ee2290d4feb080965ad5ba6224465d0f486242c8d32a677	True	
6VC1	PDB	all_exact	measured	3	2	0.027713819	0.027854026	192761	948e964ca94cb67d2ee2290d4feb080965ad5ba6224465d0f486242c8d32a677	True	
6VC1	PDB	all_exact_repeat	measured	4	0	0.027544226	0.027683708	192761	948e964ca94cb67d2ee2290d4feb080965ad5ba6224465d0f486242c8d32a677	True	
6VC1	PDB	all_exact	measured	4	1	0.026622455	0.026754798	192761	948e964ca94cb67d2ee2290d4feb080965ad5ba6224465d0f486242c8d32a677	True	
6VC1	PDB	pr_current	measured	4	2	0.030155189	0.030306841	192761	948e964ca94cb67d2ee2290d4feb080965ad5ba6224465d0f486242c8d32a677	True	
6VC1	PDB	all_exact	measured	5	0	0.026580371	0.026712643	192761	948e964ca94cb67d2ee2290d4feb080965ad5ba6224465d0f486242c8d32a677	True	
6VC1	PDB	all_exact_repeat	measured	5	1	0.025288628	0.025415789	192761	948e964ca94cb67d2ee2290d4feb080965ad5ba6224465d0f486242c8d32a677	True	
6VC1	PDB	pr_current	measured	5	2	0.028378556	0.028520902	192761	948e964ca94cb67d2ee2290d4feb080965ad5ba6224465d0f486242c8d32a677	True	
6VC1	PDB	all_exact	measured	6	0	0.026728298	0.02686272	192761	948e964ca94cb67d2ee2290d4feb080965ad5ba6224465d0f486242c8d32a677	True	
6VC1	PDB	pr_current	measured	6	1	0.028442169	0.028584896	192761	948e964ca94cb67d2ee2290d4feb080965ad5ba6224465d0f486242c8d32a677	True	
6VC1	PDB	all_exact_repeat	measured	6	2	0.026196791	0.026328076	192761	948e964ca94cb67d2ee2290d4feb080965ad5ba6224465d0f486242c8d32a677	True	
6VC1	PDB	pr_current	measured	7	0	0.031048757	0.031206012	192761	948e964ca94cb67d2ee2290d4feb080965ad5ba6224465d0f486242c8d32a677	True	
6VC1	PDB	all_exact	measured	7	1	0.026014048	0.026145027	192761	948e964ca94cb67d2ee2290d4feb080965ad5ba6224465d0f486242c8d32a677	True	
6VC1	PDB	all_exact_repeat	measured	7	2	0.027696136	0.027836343	192761	948e964ca94cb67d2ee2290d4feb080965ad5ba6224465d0f486242c8d32a677	True	
7ART	PDB	pr_current	measured	1	0	5.600573371	5.622131644	3774872	995cb52bb5a452363afb2a285020474d6e469f79473f079446c2498638ab4323	True	
7ART	PDB	all_exact	measured	1	1	5.380962267	5.357570495	3774872	995cb52bb5a452363afb2a285020474d6e469f79473f079446c2498638ab4323	True	
7ART	PDB	all_exact_repeat	measured	1	2	4.306554845	4.262142332	3774872	995cb52bb5a452363afb2a285020474d6e469f79473f079446c2498638ab4323	True	
7ART	PDB	pr_current	measured	2	0	5.522192434	5.509885614	3774872	995cb52bb5a452363afb2a285020474d6e469f79473f079446c2498638ab4323	True	
7ART	PDB	all_exact_repeat	measured	2	1	5.457436171	5.466607198	3774872	995cb52bb5a452363afb2a285020474d6e469f79473f079446c2498638ab4323	True	
7ART	PDB	all_exact	measured	2	2	4.3687415	4.381733529	3774872	995cb52bb5a452363afb2a285020474d6e469f79473f079446c2498638ab4323	True	
7ART	PDB	all_exact_repeat	measured	3	0	5.012762291	5.033436218	3774872	995cb52bb5a452363afb2a285020474d6e469f79473f079446c2498638ab4323	True	
7ART	PDB	pr_current	measured	3	1	5.2592643	5.207652396	3774872	995cb52bb5a452363afb2a285020474d6e469f79473f079446c2498638ab4323	True	
7ART	PDB	all_exact	measured	3	2	5.581461496	5.551113043	3774872	995cb52bb5a452363afb2a285020474d6e469f79473f079446c2498638ab4323	True	
7ART	PDB	all_exact_repeat	measured	4	0	4.932956036	4.933071911	3774872	995cb52bb5a452363afb2a285020474d6e469f79473f079446c2498638ab4323	True	
7ART	PDB	all_exact	measured	4	1	4.683708602	4.695023562	3774872	995cb52bb5a452363afb2a285020474d6e469f79473f079446c2498638ab4323	True	
7ART	PDB	pr_current	measured	4	2	5.938801414	5.96341859	3774872	995cb52bb5a452363afb2a285020474d6e469f79473f079446c2498638ab4323	True	
7ART	PDB	all_exact	measured	5	0	5.083854872	5.106742933	3774872	995cb52bb5a452363afb2a285020474d6e469f79473f079446c2498638ab4323	True	
7ART	PDB	all_exact_repeat	measured	5	1	4.813014917	4.743359783	3774872	995cb52bb5a452363afb2a285020474d6e469f79473f079446c2498638ab4323	True	
7ART	PDB	pr_current	measured	5	2	5.809467795	5.784803656	3774872	995cb52bb5a452363afb2a285020474d6e469f79473f079446c2498638ab4323	True	
7ART	PDB	all_exact_repeat	measured	6	0	4.95802351	4.963709967	3774872	995cb52bb5a452363afb2a285020474d6e469f79473f079446c2498638ab4323	True	
7ART	PDB	all_exact	measured	6	1	4.529197093	4.532677657	3774872	995cb52bb5a452363afb2a285020474d6e469f79473f079446c2498638ab4323	True	
7ART	PDB	pr_current	measured	6	2	6.004015752	6.027782214	3774872	995cb52bb5a452363afb2a285020474d6e469f79473f079446c2498638ab4323	True	
7ART	PDB	pr_current	measured	7	0	6.226637059	6.180464667	3774872	995cb52bb5a452363afb2a285020474d6e469f79473f079446c2498638ab4323	True	
7ART	PDB	all_exact	measured	7	1	4.616459721	4.579022332	3774872	995cb52bb5a452363afb2a285020474d6e469f79473f079446c2498638ab4323	True	
7ART	PDB	all_exact_repeat	measured	7	2	5.026861324	5.02502775	3774872	995cb52bb5a452363afb2a285020474d6e469f79473f079446c2498638ab4323	True	
9HH6	PDB	pr_current	measured	1	0	0.199894777	0.196623123	428187	7df05b40df1d3c8c49c45e42ed2ca7b95bd23213909184a0a2ebbecf3bb0cd0b	True	
9HH6	PDB	all_exact	measured	1	1	0.173689166	0.170831787	428187	7df05b40df1d3c8c49c45e42ed2ca7b95bd23213909184a0a2ebbecf3bb0cd0b	True	
9HH6	PDB	all_exact_repeat	measured	1	2	0.179012208	0.176069068	428187	7df05b40df1d3c8c49c45e42ed2ca7b95bd23213909184a0a2ebbecf3bb0cd0b	True	
9HH6	PDB	pr_current	measured	2	0	0.280653125	0.271326773	428187	7df05b40df1d3c8c49c45e42ed2ca7b95bd23213909184a0a2ebbecf3bb0cd0b	True	
9HH6	PDB	all_exact_repeat	measured	2	1	0.237094408	0.233867455	428187	7df05b40df1d3c8c49c45e42ed2ca7b95bd23213909184a0a2ebbecf3bb0cd0b	True	
9HH6	PDB	all_exact	measured	2	2	0.233999019	0.230815188	428187	7df05b40df1d3c8c49c45e42ed2ca7b95bd23213909184a0a2ebbecf3bb0cd0b	True	
9HH6	PDB	all_exact	measured	3	0	0.245737321	0.242355884	428187	7df05b40df1d3c8c49c45e42ed2ca7b95bd23213909184a0a2ebbecf3bb0cd0b	True	
9HH6	PDB	all_exact_repeat	measured	3	1	0.260716452	0.257663146	428187	7df05b40df1d3c8c49c45e42ed2ca7b95bd23213909184a0a2ebbecf3bb0cd0b	True	
9HH6	PDB	pr_current	measured	3	2	0.288251582	0.284983919	428187	7df05b40df1d3c8c49c45e42ed2ca7b95bd23213909184a0a2ebbecf3bb0cd0b	True	
9HH6	PDB	all_exact_repeat	measured	4	0	0.234290539	0.231669228	428187	7df05b40df1d3c8c49c45e42ed2ca7b95bd23213909184a0a2ebbecf3bb0cd0b	True	
9HH6	PDB	all_exact	measured	4	1	0.252396581	0.243960825	428187	7df05b40df1d3c8c49c45e42ed2ca7b95bd23213909184a0a2ebbecf3bb0cd0b	True	
9HH6	PDB	pr_current	measured	4	2	0.350591437	0.34741754	428187	7df05b40df1d3c8c49c45e42ed2ca7b95bd23213909184a0a2ebbecf3bb0cd0b	True	
9HH6	PDB	all_exact	measured	5	0	0.236954985	0.234808797	428187	7df05b40df1d3c8c49c45e42ed2ca7b95bd23213909184a0a2ebbecf3bb0cd0b	True	
9HH6	PDB	all_exact_repeat	measured	5	1	0.250614007	0.24828189	428187	7df05b40df1d3c8c49c45e42ed2ca7b95bd23213909184a0a2ebbecf3bb0cd0b	True	
9HH6	PDB	pr_current	measured	5	2	0.281396772	0.279341709	428187	7df05b40df1d3c8c49c45e42ed2ca7b95bd23213909184a0a2ebbecf3bb0cd0b	True	
9HH6	PDB	all_exact	measured	6	0	0.247249377	0.245469288	428187	7df05b40df1d3c8c49c45e42ed2ca7b95bd23213909184a0a2ebbecf3bb0cd0b	True	
9HH6	PDB	all_exact_repeat	measured	6	1	0.236981783	0.235264112	428187	7df05b40df1d3c8c49c45e42ed2ca7b95bd23213909184a0a2ebbecf3bb0cd0b	True	
9HH6	PDB	pr_current	measured	6	2	0.270092316	0.263020491	428187	7df05b40df1d3c8c49c45e42ed2ca7b95bd23213909184a0a2ebbecf3bb0cd0b	True	
9HH6	PDB	pr_current	measured	7	0	0.186683185	0.185631254	428187	7df05b40df1d3c8c49c45e42ed2ca7b95bd23213909184a0a2ebbecf3bb0cd0b	True	
9HH6	PDB	all_exact	measured	7	1	0.164200699	0.16328852	428187	7df05b40df1d3c8c49c45e42ed2ca7b95bd23213909184a0a2ebbecf3bb0cd0b	True	
9HH6	PDB	all_exact_repeat	measured	7	2	0.163366298	0.162456138	428187	7df05b40df1d3c8c49c45e42ed2ca7b95bd23213909184a0a2ebbecf3bb0cd0b	True	
9O5G	PDB	pr_current	measured	1	0	0.257813476	0.257246868	467464	e692426655b9996320e2ddd5d206b5e979ba3bf856a024c95972517308c53ddb	True	
9O5G	PDB	all_exact	measured	1	1	0.218144462	0.21775376	467464	e692426655b9996320e2ddd5d206b5e979ba3bf856a024c95972517308c53ddb	True	
9O5G	PDB	all_exact_repeat	measured	1	2	0.209368836	0.208998599	467464	e692426655b9996320e2ddd5d206b5e979ba3bf856a024c95972517308c53ddb	True	
9O5G	PDB	pr_current	measured	2	0	0.25340726	0.239944683	467464	e692426655b9996320e2ddd5d206b5e979ba3bf856a024c95972517308c53ddb	True	
9O5G	PDB	all_exact_repeat	measured	2	1	0.214986341	0.210506326	467464	e692426655b9996320e2ddd5d206b5e979ba3bf856a024c95972517308c53ddb	True	
9O5G	PDB	all_exact	measured	2	2	0.209347033	0.209194476	467464	e692426655b9996320e2ddd5d206b5e979ba3bf856a024c95972517308c53ddb	True	
9O5G	PDB	all_exact	measured	3	0	0.28923983	0.289028496	467464	e692426655b9996320e2ddd5d206b5e979ba3bf856a024c95972517308c53ddb	True	
9O5G	PDB	pr_current	measured	3	1	0.334139157	0.333881248	467464	e692426655b9996320e2ddd5d206b5e979ba3bf856a024c95972517308c53ddb	True	
9O5G	PDB	all_exact_repeat	measured	3	2	0.300992142	0.301015807	467464	e692426655b9996320e2ddd5d206b5e979ba3bf856a024c95972517308c53ddb	True	
9O5G	PDB	all_exact_repeat	measured	4	0	0.300443353	0.300480983	467464	e692426655b9996320e2ddd5d206b5e979ba3bf856a024c95972517308c53ddb	True	
9O5G	PDB	all_exact	measured	4	1	0.301912583	0.297144043	467464	e692426655b9996320e2ddd5d206b5e979ba3bf856a024c95972517308c53ddb	True	
9O5G	PDB	pr_current	measured	4	2	0.334820733	0.335114631	467464	e692426655b9996320e2ddd5d206b5e979ba3bf856a024c95972517308c53ddb	True	
9O5G	PDB	all_exact	measured	5	0	0.29991369	0.300173717	467464	e692426655b9996320e2ddd5d206b5e979ba3bf856a024c95972517308c53ddb	True	
9O5G	PDB	all_exact_repeat	measured	5	1	0.301847601	0.302088087	467464	e692426655b9996320e2ddd5d206b5e979ba3bf856a024c95972517308c53ddb	True	
9O5G	PDB	pr_current	measured	5	2	0.340483017	0.340944326	467464	e692426655b9996320e2ddd5d206b5e979ba3bf856a024c95972517308c53ddb	True	
9O5G	PDB	all_exact_repeat	measured	6	0	0.343164682	0.343669007	467464	e692426655b9996320e2ddd5d206b5e979ba3bf856a024c95972517308c53ddb	True	
9O5G	PDB	all_exact	measured	6	1	0.370056764	0.36804269	467464	e692426655b9996320e2ddd5d206b5e979ba3bf856a024c95972517308c53ddb	True	
9O5G	PDB	pr_current	measured	6	2	0.389555096	0.390375448	467464	e692426655b9996320e2ddd5d206b5e979ba3bf856a024c95972517308c53ddb	True	
9O5G	PDB	pr_current	measured	7	0	0.279033318	0.279587204	467464	e692426655b9996320e2ddd5d206b5e979ba3bf856a024c95972517308c53ddb	True	
9O5G	PDB	all_exact	measured	7	1	0.227397176	0.227904432	467464	e692426655b9996320e2ddd5d206b5e979ba3bf856a024c95972517308c53ddb	True	
9O5G	PDB	all_exact_repeat	measured	7	2	0.22045727	0.221030483	467464	e692426655b9996320e2ddd5d206b5e979ba3bf856a024c95972517308c53ddb	True	
9QW5	PDB	pr_current	measured	1	0	0.180216233	0.180874341	444530	99203e6dd18ff19c30a6e20115ee90fd041a61ec87c1c11e334e182b3e1c8b26	True	
9QW5	PDB	all_exact	measured	1	1	0.139912965	0.14041047	444530	99203e6dd18ff19c30a6e20115ee90fd041a61ec87c1c11e334e182b3e1c8b26	True	
9QW5	PDB	all_exact_repeat	measured	1	2	0.140620572	0.141149386	444530	99203e6dd18ff19c30a6e20115ee90fd041a61ec87c1c11e334e182b3e1c8b26	True	
9QW5	PDB	pr_current	measured	2	0	0.15444685	0.155064839	444530	99203e6dd18ff19c30a6e20115ee90fd041a61ec87c1c11e334e182b3e1c8b26	True	
9QW5	PDB	all_exact_repeat	measured	2	1	0.144135511	0.144709897	444530	99203e6dd18ff19c30a6e20115ee90fd041a61ec87c1c11e334e182b3e1c8b26	True	
9QW5	PDB	all_exact	measured	2	2	0.140981817	0.140307381	444530	99203e6dd18ff19c30a6e20115ee90fd041a61ec87c1c11e334e182b3e1c8b26	True	
9QW5	PDB	all_exact_repeat	measured	3	0	0.139443309	0.139999476	444530	99203e6dd18ff19c30a6e20115ee90fd041a61ec87c1c11e334e182b3e1c8b26	True	
9QW5	PDB	pr_current	measured	3	1	0.155258613	0.155866598	444530	99203e6dd18ff19c30a6e20115ee90fd041a61ec87c1c11e334e182b3e1c8b26	True	
9QW5	PDB	all_exact	measured	3	2	0.159951041	0.160581409	444530	99203e6dd18ff19c30a6e20115ee90fd041a61ec87c1c11e334e182b3e1c8b26	True	
9QW5	PDB	all_exact_repeat	measured	4	0	0.31843787	0.319805876	444530	99203e6dd18ff19c30a6e20115ee90fd041a61ec87c1c11e334e182b3e1c8b26	True	
9QW5	PDB	all_exact	measured	4	1	0.237150907	0.238168973	444530	99203e6dd18ff19c30a6e20115ee90fd041a61ec87c1c11e334e182b3e1c8b26	True	
9QW5	PDB	pr_current	measured	4	2	0.263646675	0.264760515	444530	99203e6dd18ff19c30a6e20115ee90fd041a61ec87c1c11e334e182b3e1c8b26	True	
9QW5	PDB	all_exact	measured	5	0	0.218798723	0.219762172	444530	99203e6dd18ff19c30a6e20115ee90fd041a61ec87c1c11e334e182b3e1c8b26	True	
9QW5	PDB	all_exact_repeat	measured	5	1	0.211525084	0.21246104	444530	99203e6dd18ff19c30a6e20115ee90fd041a61ec87c1c11e334e182b3e1c8b26	True	
9QW5	PDB	pr_current	measured	5	2	0.232565842	0.232577295	444530	99203e6dd18ff19c30a6e20115ee90fd041a61ec87c1c11e334e182b3e1c8b26	True	
9QW5	PDB	all_exact_repeat	measured	6	0	0.19461802	0.195489065	444530	99203e6dd18ff19c30a6e20115ee90fd041a61ec87c1c11e334e182b3e1c8b26	True	
9QW5	PDB	pr_current	measured	6	1	0.22733271	0.22835342	444530	99203e6dd18ff19c30a6e20115ee90fd041a61ec87c1c11e334e182b3e1c8b26	True	
9QW5	PDB	all_exact	measured	6	2	0.193493112	0.194416392	444530	99203e6dd18ff19c30a6e20115ee90fd041a61ec87c1c11e334e182b3e1c8b26	True	
9QW5	PDB	pr_current	measured	7	0	0.218652411	0.219670127	444530	99203e6dd18ff19c30a6e20115ee90fd041a61ec87c1c11e334e182b3e1c8b26	True	
9QW5	PDB	all_exact	measured	7	1	0.197344652	0.198271722	444530	99203e6dd18ff19c30a6e20115ee90fd041a61ec87c1c11e334e182b3e1c8b26	True	
9QW5	PDB	all_exact_repeat	measured	7	2	0.200018915	0.201013323	444530	99203e6dd18ff19c30a6e20115ee90fd041a61ec87c1c11e334e182b3e1c8b26	True	
8ZZ1	IHM	pr_current	measured	1	0	0.426289296	0.428562509	547978	1a6eefbb593fe1fa41a5b3a718a3d45fb27c26cd3bd8ed41bd30d6ab7bac6bde	True	
8ZZ1	IHM	all_exact	measured	1	1	0.375610104	0.37761781	547978	1a6eefbb593fe1fa41a5b3a718a3d45fb27c26cd3bd8ed41bd30d6ab7bac6bde	True	
8ZZ1	IHM	all_exact_repeat	measured	1	2	0.388471519	0.390531432	547978	1a6eefbb593fe1fa41a5b3a718a3d45fb27c26cd3bd8ed41bd30d6ab7bac6bde	True	
8ZZ1	IHM	pr_current	measured	2	0	0.41490494	0.417129504	547978	1a6eefbb593fe1fa41a5b3a718a3d45fb27c26cd3bd8ed41bd30d6ab7bac6bde	True	
8ZZ1	IHM	all_exact_repeat	measured	2	1	0.368217935	0.369496946	547978	1a6eefbb593fe1fa41a5b3a718a3d45fb27c26cd3bd8ed41bd30d6ab7bac6bde	True	
8ZZ1	IHM	all_exact	measured	2	2	0.494544843	0.497275658	547978	1a6eefbb593fe1fa41a5b3a718a3d45fb27c26cd3bd8ed41bd30d6ab7bac6bde	True	
8ZZ1	IHM	all_exact_repeat	measured	3	0	0.515336977	0.518242553	547978	1a6eefbb593fe1fa41a5b3a718a3d45fb27c26cd3bd8ed41bd30d6ab7bac6bde	True	
8ZZ1	IHM	all_exact	measured	3	1	0.530362428	0.53331561	547978	1a6eefbb593fe1fa41a5b3a718a3d45fb27c26cd3bd8ed41bd30d6ab7bac6bde	True	
8ZZ1	IHM	pr_current	measured	3	2	0.597155024	0.599524639	547978	1a6eefbb593fe1fa41a5b3a718a3d45fb27c26cd3bd8ed41bd30d6ab7bac6bde	True	
8ZZ1	IHM	all_exact_repeat	measured	4	0	0.503268621	0.50617327	547978	1a6eefbb593fe1fa41a5b3a718a3d45fb27c26cd3bd8ed41bd30d6ab7bac6bde	True	
8ZZ1	IHM	all_exact	measured	4	1	0.561105742	0.564301548	547978	1a6eefbb593fe1fa41a5b3a718a3d45fb27c26cd3bd8ed41bd30d6ab7bac6bde	True	
8ZZ1	IHM	pr_current	measured	4	2	0.57489445	0.578256596	547978	1a6eefbb593fe1fa41a5b3a718a3d45fb27c26cd3bd8ed41bd30d6ab7bac6bde	True	
8ZZ1	IHM	all_exact	measured	5	0	0.396488752	0.395277573	547978	1a6eefbb593fe1fa41a5b3a718a3d45fb27c26cd3bd8ed41bd30d6ab7bac6bde	True	
8ZZ1	IHM	all_exact_repeat	measured	5	1	0.366364152	0.359423805	547978	1a6eefbb593fe1fa41a5b3a718a3d45fb27c26cd3bd8ed41bd30d6ab7bac6bde	True	
8ZZ1	IHM	pr_current	measured	5	2	0.436091985	0.427760575	547978	1a6eefbb593fe1fa41a5b3a718a3d45fb27c26cd3bd8ed41bd30d6ab7bac6bde	True	
8ZZ1	IHM	pr_current	measured	6	0	0.41150121	0.404930872	547978	1a6eefbb593fe1fa41a5b3a718a3d45fb27c26cd3bd8ed41bd30d6ab7bac6bde	True	
8ZZ1	IHM	all_exact	measured	6	1	0.375654256	0.369613524	547978	1a6eefbb593fe1fa41a5b3a718a3d45fb27c26cd3bd8ed41bd30d6ab7bac6bde	True	
8ZZ1	IHM	all_exact_repeat	measured	6	2	0.382175427	0.376151719	547978	1a6eefbb593fe1fa41a5b3a718a3d45fb27c26cd3bd8ed41bd30d6ab7bac6bde	True	
8ZZ1	IHM	pr_current	measured	7	0	0.425335777	0.419687275	547978	1a6eefbb593fe1fa41a5b3a718a3d45fb27c26cd3bd8ed41bd30d6ab7bac6bde	True	
8ZZ1	IHM	all_exact	measured	7	1	0.373822521	0.369321276	547978	1a6eefbb593fe1fa41a5b3a718a3d45fb27c26cd3bd8ed41bd30d6ab7bac6bde	True	
8ZZ1	IHM	all_exact_repeat	measured	7	2	0.381261938	0.376544603	547978	1a6eefbb593fe1fa41a5b3a718a3d45fb27c26cd3bd8ed41bd30d6ab7bac6bde	True	
8ZZI	IHM	pr_current	measured	1	0	0.53538337	0.534517425	580920	43667ed775c482bb6d854a3125e5f4ddd18646017d000d95b51231be7d387d57	True	
8ZZI	IHM	all_exact	measured	1	1	0.473961815	0.472583695	580920	43667ed775c482bb6d854a3125e5f4ddd18646017d000d95b51231be7d387d57	True	
8ZZI	IHM	all_exact_repeat	measured	1	2	0.496730835	0.496455462	580920	43667ed775c482bb6d854a3125e5f4ddd18646017d000d95b51231be7d387d57	True	
8ZZI	IHM	pr_current	measured	2	0	0.553941968	0.553813542	580920	43667ed775c482bb6d854a3125e5f4ddd18646017d000d95b51231be7d387d57	True	
8ZZI	IHM	all_exact_repeat	measured	2	1	0.502246875	0.502324537	580920	43667ed775c482bb6d854a3125e5f4ddd18646017d000d95b51231be7d387d57	True	
8ZZI	IHM	all_exact	measured	2	2	0.512714753	0.512339431	580920	43667ed775c482bb6d854a3125e5f4ddd18646017d000d95b51231be7d387d57	True	
8ZZI	IHM	pr_current	measured	3	0	0.671674329	0.672415075	580920	43667ed775c482bb6d854a3125e5f4ddd18646017d000d95b51231be7d387d57	True	
8ZZI	IHM	all_exact	measured	3	1	0.67367453	0.674746553	580920	43667ed775c482bb6d854a3125e5f4ddd18646017d000d95b51231be7d387d57	True	
8ZZI	IHM	all_exact_repeat	measured	3	2	0.687467523	0.687358434	580920	43667ed775c482bb6d854a3125e5f4ddd18646017d000d95b51231be7d387d57	True	
8ZZI	IHM	all_exact_repeat	measured	4	0	0.727433502	0.729173322	580920	43667ed775c482bb6d854a3125e5f4ddd18646017d000d95b51231be7d387d57	True	
8ZZI	IHM	all_exact	measured	4	1	0.668093437	0.669973471	580920	43667ed775c482bb6d854a3125e5f4ddd18646017d000d95b51231be7d387d57	True	
8ZZI	IHM	pr_current	measured	4	2	0.757634649	0.758992397	580920	43667ed775c482bb6d854a3125e5f4ddd18646017d000d95b51231be7d387d57	True	
8ZZI	IHM	all_exact	measured	5	0	0.458613618	0.460678436	580920	43667ed775c482bb6d854a3125e5f4ddd18646017d000d95b51231be7d387d57	True	
8ZZI	IHM	all_exact_repeat	measured	5	1	0.468059252	0.470178422	580920	43667ed775c482bb6d854a3125e5f4ddd18646017d000d95b51231be7d387d57	True	
8ZZI	IHM	pr_current	measured	5	2	0.543714609	0.546345394	580920	43667ed775c482bb6d854a3125e5f4ddd18646017d000d95b51231be7d387d57	True	
8ZZI	IHM	all_exact_repeat	measured	6	0	0.495067403	0.496732561	580920	43667ed775c482bb6d854a3125e5f4ddd18646017d000d95b51231be7d387d57	True	
8ZZI	IHM	pr_current	measured	6	1	0.554515208	0.557315374	580920	43667ed775c482bb6d854a3125e5f4ddd18646017d000d95b51231be7d387d57	True	
8ZZI	IHM	all_exact	measured	6	2	0.478021401	0.480501751	580920	43667ed775c482bb6d854a3125e5f4ddd18646017d000d95b51231be7d387d57	True	
8ZZI	IHM	pr_current	measured	7	0	0.548531259	0.551393228	580920	43667ed775c482bb6d854a3125e5f4ddd18646017d000d95b51231be7d387d57	True	
8ZZI	IHM	all_exact	measured	7	1	0.566541372	0.568963153	580920	43667ed775c482bb6d854a3125e5f4ddd18646017d000d95b51231be7d387d57	True	
8ZZI	IHM	all_exact_repeat	measured	7	2	0.705586922	0.709580889	580920	43667ed775c482bb6d854a3125e5f4ddd18646017d000d95b51231be7d387d57	True	
9A01	IHM	pr_current	measured	1	0	0.342051237	0.34389969	486643	e7e4d30534c64bcaf4da91a339920ad460a10815fcc253b31e1bdb4993cd9467	True	
9A01	IHM	all_exact	measured	1	1	0.295317873	0.296942685	486643	e7e4d30534c64bcaf4da91a339920ad460a10815fcc253b31e1bdb4993cd9467	True	
9A01	IHM	all_exact_repeat	measured	1	2	0.31923969	0.320967258	486643	e7e4d30534c64bcaf4da91a339920ad460a10815fcc253b31e1bdb4993cd9467	True	
9A01	IHM	pr_current	measured	2	0	0.334533753	0.336397276	486643	e7e4d30534c64bcaf4da91a339920ad460a10815fcc253b31e1bdb4993cd9467	True	
9A01	IHM	all_exact_repeat	measured	2	1	0.296473871	0.298132159	486643	e7e4d30534c64bcaf4da91a339920ad460a10815fcc253b31e1bdb4993cd9467	True	
9A01	IHM	all_exact	measured	2	2	0.351161049	0.352278758	486643	e7e4d30534c64bcaf4da91a339920ad460a10815fcc253b31e1bdb4993cd9467	True	
9A01	IHM	pr_current	measured	3	0	0.338542767	0.340446752	486643	e7e4d30534c64bcaf4da91a339920ad460a10815fcc253b31e1bdb4993cd9467	True	
9A01	IHM	all_exact_repeat	measured	3	1	0.281413872	0.283007084	486643	e7e4d30534c64bcaf4da91a339920ad460a10815fcc253b31e1bdb4993cd9467	True	
9A01	IHM	all_exact	measured	3	2	0.393015449	0.395245607	486643	e7e4d30534c64bcaf4da91a339920ad460a10815fcc253b31e1bdb4993cd9467	True	
9A01	IHM	all_exact_repeat	measured	4	0	0.407637142	0.409976607	486643	e7e4d30534c64bcaf4da91a339920ad460a10815fcc253b31e1bdb4993cd9467	True	
9A01	IHM	all_exact	measured	4	1	0.483066712	0.484974614	486643	e7e4d30534c64bcaf4da91a339920ad460a10815fcc253b31e1bdb4993cd9467	True	
9A01	IHM	pr_current	measured	4	2	0.636363366	0.640022713	486643	e7e4d30534c64bcaf4da91a339920ad460a10815fcc253b31e1bdb4993cd9467	True	
9A01	IHM	all_exact	measured	5	0	0.484160829	0.486981772	486643	e7e4d30534c64bcaf4da91a339920ad460a10815fcc253b31e1bdb4993cd9467	True	
9A01	IHM	all_exact_repeat	measured	5	1	0.45857498	0.461242984	486643	e7e4d30534c64bcaf4da91a339920ad460a10815fcc253b31e1bdb4993cd9467	True	
9A01	IHM	pr_current	measured	5	2	0.57125183	0.558582725	486643	e7e4d30534c64bcaf4da91a339920ad460a10815fcc253b31e1bdb4993cd9467	True	
9A01	IHM	all_exact	measured	6	0	0.505893033	0.495651699	486643	e7e4d30534c64bcaf4da91a339920ad460a10815fcc253b31e1bdb4993cd9467	True	
9A01	IHM	pr_current	measured	6	1	0.410047351	0.402773991	486643	e7e4d30534c64bcaf4da91a339920ad460a10815fcc253b31e1bdb4993cd9467	True	
9A01	IHM	all_exact_repeat	measured	6	2	0.331512448	0.325648832	486643	e7e4d30534c64bcaf4da91a339920ad460a10815fcc253b31e1bdb4993cd9467	True	
9A01	IHM	pr_current	measured	7	0	0.452914463	0.446037385	486643	e7e4d30534c64bcaf4da91a339920ad460a10815fcc253b31e1bdb4993cd9467	True	
9A01	IHM	all_exact	measured	7	1	0.372690517	0.366218614	486643	e7e4d30534c64bcaf4da91a339920ad460a10815fcc253b31e1bdb4993cd9467	True	
9A01	IHM	all_exact_repeat	measured	7	2	0.321324074	0.3170331	486643	e7e4d30534c64bcaf4da91a339920ad460a10815fcc253b31e1bdb4993cd9467	True	
9A1G	IHM	pr_current	measured	1	0	25.348644495	25.309662816	16578145	7fce81dff230cc719041662d336a7a8e77416e243db71c8792ccd2422f24aef6	True	
9A1G	IHM	all_exact	measured	1	1	20.600131714	20.623275119	16578145	7fce81dff230cc719041662d336a7a8e77416e243db71c8792ccd2422f24aef6	True	
9A1G	IHM	all_exact_repeat	measured	1	2	20.537306951	20.533104041	16578145	7fce81dff230cc719041662d336a7a8e77416e243db71c8792ccd2422f24aef6	True	
9A1G	IHM	pr_current	measured	2	0	24.042127315	23.978514625	16578145	7fce81dff230cc719041662d336a7a8e77416e243db71c8792ccd2422f24aef6	True	
9A1G	IHM	all_exact_repeat	measured	2	1	22.14977837	22.068672618	16578145	7fce81dff230cc719041662d336a7a8e77416e243db71c8792ccd2422f24aef6	True	
9A1G	IHM	all_exact	measured	2	2	21.16777685	21.137266611	16578145	7fce81dff230cc719041662d336a7a8e77416e243db71c8792ccd2422f24aef6	True	
9A1G	IHM	all_exact	measured	3	0	21.926952712	21.974657656	16578145	7fce81dff230cc719041662d336a7a8e77416e243db71c8792ccd2422f24aef6	True	
9A1G	IHM	all_exact_repeat	measured	3	1	21.795124891	21.777517773	16578145	7fce81dff230cc719041662d336a7a8e77416e243db71c8792ccd2422f24aef6	True	
9A1G	IHM	pr_current	measured	3	2	25.44370419	25.383297985	16578145	7fce81dff230cc719041662d336a7a8e77416e243db71c8792ccd2422f24aef6	True	
9A1G	IHM	all_exact_repeat	measured	4	0	22.014280274	21.919917629	16578145	7fce81dff230cc719041662d336a7a8e77416e243db71c8792ccd2422f24aef6	True	
9A1G	IHM	all_exact	measured	4	1	20.547668921	20.504270104	16578145	7fce81dff230cc719041662d336a7a8e77416e243db71c8792ccd2422f24aef6	True	
9A1G	IHM	pr_current	measured	4	2	25.599019588	25.612802262	16578145	7fce81dff230cc719041662d336a7a8e77416e243db71c8792ccd2422f24aef6	True	
9A1G	IHM	all_exact	measured	5	0	21.391420922	21.401666878	16578145	7fce81dff230cc719041662d336a7a8e77416e243db71c8792ccd2422f24aef6	True	
9A1G	IHM	all_exact_repeat	measured	5	1	21.994701809	21.913059775	16578145	7fce81dff230cc719041662d336a7a8e77416e243db71c8792ccd2422f24aef6	True	
9A1G	IHM	pr_current	measured	5	2	24.746252928	24.67665687	16578145	7fce81dff230cc719041662d336a7a8e77416e243db71c8792ccd2422f24aef6	True	
9A1G	IHM	pr_current	measured	6	0	26.579821214	26.547848063	16578145	7fce81dff230cc719041662d336a7a8e77416e243db71c8792ccd2422f24aef6	True	
9A1G	IHM	all_exact_repeat	measured	6	1	22.295604668	22.241195285	16578145	7fce81dff230cc719041662d336a7a8e77416e243db71c8792ccd2422f24aef6	True	
9A1G	IHM	all_exact	measured	6	2	22.245049016	22.271942216	16578145	7fce81dff230cc719041662d336a7a8e77416e243db71c8792ccd2422f24aef6	True	
9A1G	IHM	pr_current	measured	7	0	25.096752479	25.113884512	16578145	7fce81dff230cc719041662d336a7a8e77416e243db71c8792ccd2422f24aef6	True	
9A1G	IHM	all_exact	measured	7	1	23.89243272	23.810019273	16578145	7fce81dff230cc719041662d336a7a8e77416e243db71c8792ccd2422f24aef6	True	
9A1G	IHM	all_exact_repeat	measured	7	2	23.670139393	23.5924099	16578145	7fce81dff230cc719041662d336a7a8e77416e243db71c8792ccd2422f24aef6	True	
9A25	IHM	pr_current	measured	1	0	10.644517803	10.567789231	6245536	6d2ca79af7be0c1168be9bb7423b9ad60a8fb97ad5c78d65addd1914a67f9ce0	True	
9A25	IHM	all_exact	measured	1	1	9.77337636	9.783150738	6245536	6d2ca79af7be0c1168be9bb7423b9ad60a8fb97ad5c78d65addd1914a67f9ce0	True	
9A25	IHM	all_exact_repeat	measured	1	2	10.467522516	10.522547792	6245536	6d2ca79af7be0c1168be9bb7423b9ad60a8fb97ad5c78d65addd1914a67f9ce0	True	
9A25	IHM	pr_current	measured	2	0	10.266631972	10.166648684	6245536	6d2ca79af7be0c1168be9bb7423b9ad60a8fb97ad5c78d65addd1914a67f9ce0	True	
9A25	IHM	all_exact_repeat	measured	2	1	10.254423671	10.267568055	6245536	6d2ca79af7be0c1168be9bb7423b9ad60a8fb97ad5c78d65addd1914a67f9ce0	True	
9A25	IHM	all_exact	measured	2	2	10.08203005	10.08486243	6245536	6d2ca79af7be0c1168be9bb7423b9ad60a8fb97ad5c78d65addd1914a67f9ce0	True	
9A25	IHM	pr_current	measured	3	0	12.328903972	12.285238603	6245536	6d2ca79af7be0c1168be9bb7423b9ad60a8fb97ad5c78d65addd1914a67f9ce0	True	
9A25	IHM	all_exact_repeat	measured	3	1	9.830167987	9.870958782	6245536	6d2ca79af7be0c1168be9bb7423b9ad60a8fb97ad5c78d65addd1914a67f9ce0	True	
9A25	IHM	all_exact	measured	3	2	10.243421925	10.172696528	6245536	6d2ca79af7be0c1168be9bb7423b9ad60a8fb97ad5c78d65addd1914a67f9ce0	True	
9A25	IHM	all_exact_repeat	measured	4	0	9.762391854	9.758704223	6245536	6d2ca79af7be0c1168be9bb7423b9ad60a8fb97ad5c78d65addd1914a67f9ce0	True	
9A25	IHM	all_exact	measured	4	1	10.850060786	10.902146664	6245536	6d2ca79af7be0c1168be9bb7423b9ad60a8fb97ad5c78d65addd1914a67f9ce0	True	
9A25	IHM	pr_current	measured	4	2	10.358284777	10.272339714	6245536	6d2ca79af7be0c1168be9bb7423b9ad60a8fb97ad5c78d65addd1914a67f9ce0	True	
9A25	IHM	all_exact	measured	5	0	10.09485929	10.122814638	6245536	6d2ca79af7be0c1168be9bb7423b9ad60a8fb97ad5c78d65addd1914a67f9ce0	True	
9A25	IHM	all_exact_repeat	measured	5	1	11.159589068	11.122823778	6245536	6d2ca79af7be0c1168be9bb7423b9ad60a8fb97ad5c78d65addd1914a67f9ce0	True	
9A25	IHM	pr_current	measured	5	2	11.793830257	11.776504212	6245536	6d2ca79af7be0c1168be9bb7423b9ad60a8fb97ad5c78d65addd1914a67f9ce0	True	
9A25	IHM	pr_current	measured	6	0	16.017713756	16.037353368	6245536	6d2ca79af7be0c1168be9bb7423b9ad60a8fb97ad5c78d65addd1914a67f9ce0	True	
9A25	IHM	all_exact_repeat	measured	6	1	16.166409307	16.160549219	6245536	6d2ca79af7be0c1168be9bb7423b9ad60a8fb97ad5c78d65addd1914a67f9ce0	True	
9A25	IHM	all_exact	measured	6	2	12.081562771	12.052918845	6245536	6d2ca79af7be0c1168be9bb7423b9ad60a8fb97ad5c78d65addd1914a67f9ce0	True	
9A25	IHM	pr_current	measured	7	0	11.63490715	11.623253722	6245536	6d2ca79af7be0c1168be9bb7423b9ad60a8fb97ad5c78d65addd1914a67f9ce0	True	
9A25	IHM	all_exact	measured	7	1	10.848326976	10.901263158	6245536	6d2ca79af7be0c1168be9bb7423b9ad60a8fb97ad5c78d65addd1914a67f9ce0	True	
9A25	IHM	all_exact_repeat	measured	7	2	10.965506237	10.862136633	6245536	6d2ca79af7be0c1168be9bb7423b9ad60a8fb97ad5c78d65addd1914a67f9ce0	True	
9A8K	IHM	pr_current	measured	1	0	3.957122494	3.94685048	3806185	ef55c2008c4d8867cdb25cb864f5faf1a014d5292893c04032bed619c3f164d0	True	
9A8K	IHM	all_exact	measured	1	1	3.756353475	3.761017915	3806185	ef55c2008c4d8867cdb25cb864f5faf1a014d5292893c04032bed619c3f164d0	True	
9A8K	IHM	all_exact_repeat	measured	1	2	4.048353667	4.064908601	3806185	ef55c2008c4d8867cdb25cb864f5faf1a014d5292893c04032bed619c3f164d0	True	
9A8K	IHM	pr_current	measured	2	0	5.022377343	5.051600766	3806185	ef55c2008c4d8867cdb25cb864f5faf1a014d5292893c04032bed619c3f164d0	True	
9A8K	IHM	all_exact_repeat	measured	2	1	5.276160346	5.278626871	3806185	ef55c2008c4d8867cdb25cb864f5faf1a014d5292893c04032bed619c3f164d0	True	
9A8K	IHM	all_exact	measured	2	2	8.845443142	8.766047639	3806185	ef55c2008c4d8867cdb25cb864f5faf1a014d5292893c04032bed619c3f164d0	True	
9A8K	IHM	all_exact_repeat	measured	3	0	6.461216034	6.473494724	3806185	ef55c2008c4d8867cdb25cb864f5faf1a014d5292893c04032bed619c3f164d0	True	
9A8K	IHM	all_exact	measured	3	1	5.718396613	5.744789702	3806185	ef55c2008c4d8867cdb25cb864f5faf1a014d5292893c04032bed619c3f164d0	True	
9A8K	IHM	pr_current	measured	3	2	3.932997775	3.954286976	3806185	ef55c2008c4d8867cdb25cb864f5faf1a014d5292893c04032bed619c3f164d0	True	
9A8K	IHM	all_exact_repeat	measured	4	0	7.409298151	7.339235697	3806185	ef55c2008c4d8867cdb25cb864f5faf1a014d5292893c04032bed619c3f164d0	True	
9A8K	IHM	all_exact	measured	4	1	4.913350532	4.892050705	3806185	ef55c2008c4d8867cdb25cb864f5faf1a014d5292893c04032bed619c3f164d0	True	
9A8K	IHM	pr_current	measured	4	2	4.100384009	4.103313516	3806185	ef55c2008c4d8867cdb25cb864f5faf1a014d5292893c04032bed619c3f164d0	True	
9A8K	IHM	all_exact	measured	5	0	3.388805253	3.399409975	3806185	ef55c2008c4d8867cdb25cb864f5faf1a014d5292893c04032bed619c3f164d0	True	
9A8K	IHM	all_exact_repeat	measured	5	1	3.757376862	3.781443444	3806185	ef55c2008c4d8867cdb25cb864f5faf1a014d5292893c04032bed619c3f164d0	True	
9A8K	IHM	pr_current	measured	5	2	3.60741999	3.628665972	3806185	ef55c2008c4d8867cdb25cb864f5faf1a014d5292893c04032bed619c3f164d0	True	
9A8K	IHM	all_exact	measured	6	0	3.718165294	3.740162348	3806185	ef55c2008c4d8867cdb25cb864f5faf1a014d5292893c04032bed619c3f164d0	True	
9A8K	IHM	all_exact_repeat	measured	6	1	3.682713413	3.615211978	3806185	ef55c2008c4d8867cdb25cb864f5faf1a014d5292893c04032bed619c3f164d0	True	
9A8K	IHM	pr_current	measured	6	2	4.614122563	4.582279965	3806185	ef55c2008c4d8867cdb25cb864f5faf1a014d5292893c04032bed619c3f164d0	True	
9A8K	IHM	pr_current	measured	7	0	3.544076566	3.541540958	3806185	ef55c2008c4d8867cdb25cb864f5faf1a014d5292893c04032bed619c3f164d0	True	
9A8K	IHM	all_exact	measured	7	1	4.055946183	4.064338856	3806185	ef55c2008c4d8867cdb25cb864f5faf1a014d5292893c04032bed619c3f164d0	True	
9A8K	IHM	all_exact_repeat	measured	7	2	3.147426714	3.161569025	3806185	ef55c2008c4d8867cdb25cb864f5faf1a014d5292893c04032bed619c3f164d0	True	
9A8M	IHM	pr_current	measured	1	0	2.927191212	2.939002066	3289732	e37f57f705c91605ae0689b8d3bbb0b6c2db8923d0d4fdb80f0b8f21042a4941	True	
9A8M	IHM	all_exact	measured	1	1	3.089385654	3.107945025	3289732	e37f57f705c91605ae0689b8d3bbb0b6c2db8923d0d4fdb80f0b8f21042a4941	True	
9A8M	IHM	all_exact_repeat	measured	1	2	3.3065836	3.32703328	3289732	e37f57f705c91605ae0689b8d3bbb0b6c2db8923d0d4fdb80f0b8f21042a4941	True	
9A8M	IHM	pr_current	measured	2	0	3.252813053	3.268489215	3289732	e37f57f705c91605ae0689b8d3bbb0b6c2db8923d0d4fdb80f0b8f21042a4941	True	
9A8M	IHM	all_exact_repeat	measured	2	1	3.393173939	3.332644931	3289732	e37f57f705c91605ae0689b8d3bbb0b6c2db8923d0d4fdb80f0b8f21042a4941	True	
9A8M	IHM	all_exact	measured	2	2	2.463256647	2.440659359	3289732	e37f57f705c91605ae0689b8d3bbb0b6c2db8923d0d4fdb80f0b8f21042a4941	True	
9A8M	IHM	all_exact_repeat	measured	3	0	2.917826663	2.90560465	3289732	e37f57f705c91605ae0689b8d3bbb0b6c2db8923d0d4fdb80f0b8f21042a4941	True	
9A8M	IHM	pr_current	measured	3	1	3.531157067	3.531464567	3289732	e37f57f705c91605ae0689b8d3bbb0b6c2db8923d0d4fdb80f0b8f21042a4941	True	
9A8M	IHM	all_exact	measured	3	2	2.490142643	2.496244236	3289732	e37f57f705c91605ae0689b8d3bbb0b6c2db8923d0d4fdb80f0b8f21042a4941	True	
9A8M	IHM	all_exact_repeat	measured	4	0	3.360783118	3.375297474	3289732	e37f57f705c91605ae0689b8d3bbb0b6c2db8923d0d4fdb80f0b8f21042a4941	True	
9A8M	IHM	all_exact	measured	4	1	2.465384963	2.479121911	3289732	e37f57f705c91605ae0689b8d3bbb0b6c2db8923d0d4fdb80f0b8f21042a4941	True	
9A8M	IHM	pr_current	measured	4	2	3.330255474	3.350886903	3289732	e37f57f705c91605ae0689b8d3bbb0b6c2db8923d0d4fdb80f0b8f21042a4941	True	
9A8M	IHM	all_exact	measured	5	0	2.966771057	2.983898878	3289732	e37f57f705c91605ae0689b8d3bbb0b6c2db8923d0d4fdb80f0b8f21042a4941	True	
9A8M	IHM	all_exact_repeat	measured	5	1	2.52040447	2.49779853	3289732	e37f57f705c91605ae0689b8d3bbb0b6c2db8923d0d4fdb80f0b8f21042a4941	True	
9A8M	IHM	pr_current	measured	5	2	4.107903257	4.056018878	3289732	e37f57f705c91605ae0689b8d3bbb0b6c2db8923d0d4fdb80f0b8f21042a4941	True	
9A8M	IHM	pr_current	measured	6	0	3.026329922	3.012103118	3289732	e37f57f705c91605ae0689b8d3bbb0b6c2db8923d0d4fdb80f0b8f21042a4941	True	
9A8M	IHM	all_exact	measured	6	1	3.161322718	3.159296363	3289732	e37f57f705c91605ae0689b8d3bbb0b6c2db8923d0d4fdb80f0b8f21042a4941	True	
9A8M	IHM	all_exact_repeat	measured	6	2	2.993251107	2.999655364	3289732	e37f57f705c91605ae0689b8d3bbb0b6c2db8923d0d4fdb80f0b8f21042a4941	True	
9A8M	IHM	pr_current	measured	7	0	3.034728718	3.046208438	3289732	e37f57f705c91605ae0689b8d3bbb0b6c2db8923d0d4fdb80f0b8f21042a4941	True	
9A8M	IHM	all_exact	measured	7	1	3.430148245	3.448621045	3289732	e37f57f705c91605ae0689b8d3bbb0b6c2db8923d0d4fdb80f0b8f21042a4941	True	
9A8M	IHM	all_exact_repeat	measured	7	2	2.471927905	2.486445694	3289732	e37f57f705c91605ae0689b8d3bbb0b6c2db8923d0d4fdb80f0b8f21042a4941	True	
9AAO	IHM	pr_current	measured	1	0	0.756479029	0.754223185	654845	07b3a21cd1bff241a54e633985762a5dac4942e9b9c2b6832024918ecd5b048e	True	
9AAO	IHM	all_exact	measured	1	1	0.644530836	0.643766535	654845	07b3a21cd1bff241a54e633985762a5dac4942e9b9c2b6832024918ecd5b048e	True	
9AAO	IHM	all_exact_repeat	measured	1	2	0.68784137	0.6874636	654845	07b3a21cd1bff241a54e633985762a5dac4942e9b9c2b6832024918ecd5b048e	True	
9AAO	IHM	pr_current	measured	2	0	0.72702321	0.726130499	654845	07b3a21cd1bff241a54e633985762a5dac4942e9b9c2b6832024918ecd5b048e	True	
9AAO	IHM	all_exact_repeat	measured	2	1	0.674856027	0.675611165	654845	07b3a21cd1bff241a54e633985762a5dac4942e9b9c2b6832024918ecd5b048e	True	
9AAO	IHM	all_exact	measured	2	2	0.791107819	0.792399491	654845	07b3a21cd1bff241a54e633985762a5dac4942e9b9c2b6832024918ecd5b048e	True	
9AAO	IHM	all_exact	measured	3	0	0.980961552	0.981485026	654845	07b3a21cd1bff241a54e633985762a5dac4942e9b9c2b6832024918ecd5b048e	True	
9AAO	IHM	all_exact_repeat	measured	3	1	1.074224865	1.077364237	654845	07b3a21cd1bff241a54e633985762a5dac4942e9b9c2b6832024918ecd5b048e	True	
9AAO	IHM	pr_current	measured	3	2	1.107562449	1.109913313	654845	07b3a21cd1bff241a54e633985762a5dac4942e9b9c2b6832024918ecd5b048e	True	
9AAO	IHM	all_exact_repeat	measured	4	0	0.920289375	0.924049911	654845	07b3a21cd1bff241a54e633985762a5dac4942e9b9c2b6832024918ecd5b048e	True	
9AAO	IHM	all_exact	measured	4	1	0.970208261	0.973401385	654845	07b3a21cd1bff241a54e633985762a5dac4942e9b9c2b6832024918ecd5b048e	True	
9AAO	IHM	pr_current	measured	4	2	0.972432918	0.977973586	654845	07b3a21cd1bff241a54e633985762a5dac4942e9b9c2b6832024918ecd5b048e	True	
9AAO	IHM	all_exact	measured	5	0	0.701226057	0.705624141	654845	07b3a21cd1bff241a54e633985762a5dac4942e9b9c2b6832024918ecd5b048e	True	
9AAO	IHM	all_exact_repeat	measured	5	1	0.71326352	0.71658337	654845	07b3a21cd1bff241a54e633985762a5dac4942e9b9c2b6832024918ecd5b048e	True	
9AAO	IHM	pr_current	measured	5	2	1.023221719	1.030147019	654845	07b3a21cd1bff241a54e633985762a5dac4942e9b9c2b6832024918ecd5b048e	True	
9AAO	IHM	all_exact	measured	6	0	0.675337551	0.680054068	654845	07b3a21cd1bff241a54e633985762a5dac4942e9b9c2b6832024918ecd5b048e	True	
9AAO	IHM	all_exact_repeat	measured	6	1	0.727517948	0.731718459	654845	07b3a21cd1bff241a54e633985762a5dac4942e9b9c2b6832024918ecd5b048e	True	
9AAO	IHM	pr_current	measured	6	2	0.716745813	0.721856919	654845	07b3a21cd1bff241a54e633985762a5dac4942e9b9c2b6832024918ecd5b048e	True	
9AAO	IHM	pr_current	measured	7	0	0.691687505	0.696655543	654845	07b3a21cd1bff241a54e633985762a5dac4942e9b9c2b6832024918ecd5b048e	True	
9AAO	IHM	all_exact	measured	7	1	0.641680878	0.645594961	654845	07b3a21cd1bff241a54e633985762a5dac4942e9b9c2b6832024918ecd5b048e	True	
9AAO	IHM	all_exact_repeat	measured	7	2	0.814780523	0.820830088	654845	07b3a21cd1bff241a54e633985762a5dac4942e9b9c2b6832024918ecd5b048e	True	
AF_AFA0A017SEY2F1	CSM	pr_current	measured	1	0	0.051690338	0.052029759	105881	02c3f21bde9e793d4545a8f36bea0a7e3ba9d7a4dc9548a24af5f8c2bbc49077	True	
AF_AFA0A017SEY2F1	CSM	all_exact	measured	1	1	0.049758586	0.05008334	105881	02c3f21bde9e793d4545a8f36bea0a7e3ba9d7a4dc9548a24af5f8c2bbc49077	True	
AF_AFA0A017SEY2F1	CSM	all_exact_repeat	measured	1	2	0.048487457	0.048805745	105881	02c3f21bde9e793d4545a8f36bea0a7e3ba9d7a4dc9548a24af5f8c2bbc49077	True	
AF_AFA0A017SEY2F1	CSM	pr_current	measured	2	0	0.075441319	0.075938198	105881	02c3f21bde9e793d4545a8f36bea0a7e3ba9d7a4dc9548a24af5f8c2bbc49077	True	
AF_AFA0A017SEY2F1	CSM	all_exact_repeat	measured	2	1	0.050841156	0.051173224	105881	02c3f21bde9e793d4545a8f36bea0a7e3ba9d7a4dc9548a24af5f8c2bbc49077	True	
AF_AFA0A017SEY2F1	CSM	all_exact	measured	2	2	0.0496062	0.04990522	105881	02c3f21bde9e793d4545a8f36bea0a7e3ba9d7a4dc9548a24af5f8c2bbc49077	True	
AF_AFA0A017SEY2F1	CSM	pr_current	measured	3	0	0.056219089	0.056571782	105881	02c3f21bde9e793d4545a8f36bea0a7e3ba9d7a4dc9548a24af5f8c2bbc49077	True	
AF_AFA0A017SEY2F1	CSM	all_exact_repeat	measured	3	1	0.050150815	0.050479083	105881	02c3f21bde9e793d4545a8f36bea0a7e3ba9d7a4dc9548a24af5f8c2bbc49077	True	
AF_AFA0A017SEY2F1	CSM	all_exact	measured	3	2	0.050424933	0.050756738	105881	02c3f21bde9e793d4545a8f36bea0a7e3ba9d7a4dc9548a24af5f8c2bbc49077	True	
AF_AFA0A017SEY2F1	CSM	all_exact_repeat	measured	4	0	0.048036024	0.048354339	105881	02c3f21bde9e793d4545a8f36bea0a7e3ba9d7a4dc9548a24af5f8c2bbc49077	True	
AF_AFA0A017SEY2F1	CSM	all_exact	measured	4	1	0.04880793	0.049131247	105881	02c3f21bde9e793d4545a8f36bea0a7e3ba9d7a4dc9548a24af5f8c2bbc49077	True	
AF_AFA0A017SEY2F1	CSM	pr_current	measured	4	2	0.053500313	0.053854102	105881	02c3f21bde9e793d4545a8f36bea0a7e3ba9d7a4dc9548a24af5f8c2bbc49077	True	
AF_AFA0A017SEY2F1	CSM	all_exact	measured	5	0	0.052264328	0.05261101	105881	02c3f21bde9e793d4545a8f36bea0a7e3ba9d7a4dc9548a24af5f8c2bbc49077	True	
AF_AFA0A017SEY2F1	CSM	all_exact_repeat	measured	5	1	0.050448024	0.050782252	105881	02c3f21bde9e793d4545a8f36bea0a7e3ba9d7a4dc9548a24af5f8c2bbc49077	True	
AF_AFA0A017SEY2F1	CSM	pr_current	measured	5	2	0.053625249	0.053980619	105881	02c3f21bde9e793d4545a8f36bea0a7e3ba9d7a4dc9548a24af5f8c2bbc49077	True	
AF_AFA0A017SEY2F1	CSM	pr_current	measured	6	0	0.052634665	0.052983279	105881	02c3f21bde9e793d4545a8f36bea0a7e3ba9d7a4dc9548a24af5f8c2bbc49077	True	
AF_AFA0A017SEY2F1	CSM	all_exact	measured	6	1	0.048750778	0.049073493	105881	02c3f21bde9e793d4545a8f36bea0a7e3ba9d7a4dc9548a24af5f8c2bbc49077	True	
AF_AFA0A017SEY2F1	CSM	all_exact_repeat	measured	6	2	0.048177551	0.048495621	105881	02c3f21bde9e793d4545a8f36bea0a7e3ba9d7a4dc9548a24af5f8c2bbc49077	True	
AF_AFA0A017SEY2F1	CSM	pr_current	measured	7	0	0.052391313	0.05194052	105881	02c3f21bde9e793d4545a8f36bea0a7e3ba9d7a4dc9548a24af5f8c2bbc49077	True	
AF_AFA0A017SEY2F1	CSM	all_exact	measured	7	1	0.04950387	0.049831707	105881	02c3f21bde9e793d4545a8f36bea0a7e3ba9d7a4dc9548a24af5f8c2bbc49077	True	
AF_AFA0A017SEY2F1	CSM	all_exact_repeat	measured	7	2	0.052600066	0.052946444	105881	02c3f21bde9e793d4545a8f36bea0a7e3ba9d7a4dc9548a24af5f8c2bbc49077	True	
AF_AFA0A017SQ41F1	CSM	pr_current	measured	1	0	0.321418335	0.314568947	317862	9e95c8996f17dff77c36e23b19827cee2d86fb558e43040dab2ff456f8e4d6d3	True	
AF_AFA0A017SQ41F1	CSM	all_exact	measured	1	1	0.293453186	0.287715811	317862	9e95c8996f17dff77c36e23b19827cee2d86fb558e43040dab2ff456f8e4d6d3	True	
AF_AFA0A017SQ41F1	CSM	all_exact_repeat	measured	1	2	0.314815398	0.308582086	317862	9e95c8996f17dff77c36e23b19827cee2d86fb558e43040dab2ff456f8e4d6d3	True	
AF_AFA0A017SQ41F1	CSM	pr_current	measured	2	0	0.357685002	0.350712658	317862	9e95c8996f17dff77c36e23b19827cee2d86fb558e43040dab2ff456f8e4d6d3	True	
AF_AFA0A017SQ41F1	CSM	all_exact_repeat	measured	2	1	0.336915276	0.331369731	317862	9e95c8996f17dff77c36e23b19827cee2d86fb558e43040dab2ff456f8e4d6d3	True	
AF_AFA0A017SQ41F1	CSM	all_exact	measured	2	2	0.288552294	0.283829891	317862	9e95c8996f17dff77c36e23b19827cee2d86fb558e43040dab2ff456f8e4d6d3	True	
AF_AFA0A017SQ41F1	CSM	all_exact	measured	3	0	0.321193546	0.316801986	317862	9e95c8996f17dff77c36e23b19827cee2d86fb558e43040dab2ff456f8e4d6d3	True	
AF_AFA0A017SQ41F1	CSM	all_exact_repeat	measured	3	1	0.314249023	0.309312467	317862	9e95c8996f17dff77c36e23b19827cee2d86fb558e43040dab2ff456f8e4d6d3	True	
AF_AFA0A017SQ41F1	CSM	pr_current	measured	3	2	0.334318336	0.329799686	317862	9e95c8996f17dff77c36e23b19827cee2d86fb558e43040dab2ff456f8e4d6d3	True	
AF_AFA0A017SQ41F1	CSM	all_exact_repeat	measured	4	0	0.312219462	0.307920044	317862	9e95c8996f17dff77c36e23b19827cee2d86fb558e43040dab2ff456f8e4d6d3	True	
AF_AFA0A017SQ41F1	CSM	all_exact	measured	4	1	0.303087113	0.299779406	317862	9e95c8996f17dff77c36e23b19827cee2d86fb558e43040dab2ff456f8e4d6d3	True	
AF_AFA0A017SQ41F1	CSM	pr_current	measured	4	2	0.331445466	0.327953143	317862	9e95c8996f17dff77c36e23b19827cee2d86fb558e43040dab2ff456f8e4d6d3	True	
AF_AFA0A017SQ41F1	CSM	all_exact	measured	5	0	0.363931348	0.360768292	317862	9e95c8996f17dff77c36e23b19827cee2d86fb558e43040dab2ff456f8e4d6d3	True	
AF_AFA0A017SQ41F1	CSM	all_exact_repeat	measured	5	1	0.348223206	0.345186681	317862	9e95c8996f17dff77c36e23b19827cee2d86fb558e43040dab2ff456f8e4d6d3	True	
AF_AFA0A017SQ41F1	CSM	pr_current	measured	5	2	0.336974482	0.334440882	317862	9e95c8996f17dff77c36e23b19827cee2d86fb558e43040dab2ff456f8e4d6d3	True	
AF_AFA0A017SQ41F1	CSM	all_exact_repeat	measured	6	0	0.323705335	0.320158239	317862	9e95c8996f17dff77c36e23b19827cee2d86fb558e43040dab2ff456f8e4d6d3	True	
AF_AFA0A017SQ41F1	CSM	all_exact	measured	6	1	0.298588511	0.296557555	317862	9e95c8996f17dff77c36e23b19827cee2d86fb558e43040dab2ff456f8e4d6d3	True	
AF_AFA0A017SQ41F1	CSM	pr_current	measured	6	2	0.327682212	0.3259245	317862	9e95c8996f17dff77c36e23b19827cee2d86fb558e43040dab2ff456f8e4d6d3	True	
AF_AFA0A017SQ41F1	CSM	pr_current	measured	7	0	0.312141027	0.310573966	317862	9e95c8996f17dff77c36e23b19827cee2d86fb558e43040dab2ff456f8e4d6d3	True	
AF_AFA0A017SQ41F1	CSM	all_exact	measured	7	1	0.281232525	0.279788664	317862	9e95c8996f17dff77c36e23b19827cee2d86fb558e43040dab2ff456f8e4d6d3	True	
AF_AFA0A017SQ41F1	CSM	all_exact_repeat	measured	7	2	0.300710327	0.299570175	317862	9e95c8996f17dff77c36e23b19827cee2d86fb558e43040dab2ff456f8e4d6d3	True	
MA_MAASFVASFVG001	CSM	pr_current	measured	1	0	0.023594902	0.023529099	71539	f720fde5550fef2a3e03917cf4afca1cba1fc4426edaddc1b8227cad69dd4e21	True	
MA_MAASFVASFVG001	CSM	all_exact	measured	1	1	0.019849437	0.019802318	71539	f720fde5550fef2a3e03917cf4afca1cba1fc4426edaddc1b8227cad69dd4e21	True	
MA_MAASFVASFVG001	CSM	all_exact_repeat	measured	1	2	0.020018075	0.019970683	71539	f720fde5550fef2a3e03917cf4afca1cba1fc4426edaddc1b8227cad69dd4e21	True	
MA_MAASFVASFVG001	CSM	pr_current	measured	2	0	0.02245139	0.022383731	71539	f720fde5550fef2a3e03917cf4afca1cba1fc4426edaddc1b8227cad69dd4e21	True	
MA_MAASFVASFVG001	CSM	all_exact_repeat	measured	2	1	0.020449868	0.020401546	71539	f720fde5550fef2a3e03917cf4afca1cba1fc4426edaddc1b8227cad69dd4e21	True	
MA_MAASFVASFVG001	CSM	all_exact	measured	2	2	0.02050858	0.020460194	71539	f720fde5550fef2a3e03917cf4afca1cba1fc4426edaddc1b8227cad69dd4e21	True	
MA_MAASFVASFVG001	CSM	all_exact_repeat	measured	3	0	0.021069835	0.021008003	71539	f720fde5550fef2a3e03917cf4afca1cba1fc4426edaddc1b8227cad69dd4e21	True	
MA_MAASFVASFVG001	CSM	all_exact	measured	3	1	0.020515728	0.020475259	71539	f720fde5550fef2a3e03917cf4afca1cba1fc4426edaddc1b8227cad69dd4e21	True	
MA_MAASFVASFVG001	CSM	pr_current	measured	3	2	0.022603404	0.022577422	71539	f720fde5550fef2a3e03917cf4afca1cba1fc4426edaddc1b8227cad69dd4e21	True	
MA_MAASFVASFVG001	CSM	all_exact_repeat	measured	4	0	0.021791771	0.021764313	71539	f720fde5550fef2a3e03917cf4afca1cba1fc4426edaddc1b8227cad69dd4e21	True	
MA_MAASFVASFVG001	CSM	all_exact	measured	4	1	0.022426162	0.02239961	71539	f720fde5550fef2a3e03917cf4afca1cba1fc4426edaddc1b8227cad69dd4e21	True	
MA_MAASFVASFVG001	CSM	pr_current	measured	4	2	0.022723557	0.022695126	71539	f720fde5550fef2a3e03917cf4afca1cba1fc4426edaddc1b8227cad69dd4e21	True	
MA_MAASFVASFVG001	CSM	all_exact	measured	5	0	0.02090135	0.020876648	71539	f720fde5550fef2a3e03917cf4afca1cba1fc4426edaddc1b8227cad69dd4e21	True	
MA_MAASFVASFVG001	CSM	all_exact_repeat	measured	5	1	0.021955343	0.021928892	71539	f720fde5550fef2a3e03917cf4afca1cba1fc4426edaddc1b8227cad69dd4e21	True	
MA_MAASFVASFVG001	CSM	pr_current	measured	5	2	0.023127862	0.023099873	71539	f720fde5550fef2a3e03917cf4afca1cba1fc4426edaddc1b8227cad69dd4e21	True	
MA_MAASFVASFVG001	CSM	all_exact_repeat	measured	6	0	0.022122729	0.022094433	71539	f720fde5550fef2a3e03917cf4afca1cba1fc4426edaddc1b8227cad69dd4e21	True	
MA_MAASFVASFVG001	CSM	all_exact	measured	6	1	0.021524014	0.021498733	71539	f720fde5550fef2a3e03917cf4afca1cba1fc4426edaddc1b8227cad69dd4e21	True	
MA_MAASFVASFVG001	CSM	pr_current	measured	6	2	0.023555147	0.023527768	71539	f720fde5550fef2a3e03917cf4afca1cba1fc4426edaddc1b8227cad69dd4e21	True	
MA_MAASFVASFVG001	CSM	pr_current	measured	7	0	0.023204193	0.023176744	71539	f720fde5550fef2a3e03917cf4afca1cba1fc4426edaddc1b8227cad69dd4e21	True	
MA_MAASFVASFVG001	CSM	all_exact	measured	7	1	0.022842493	0.022812816	71539	f720fde5550fef2a3e03917cf4afca1cba1fc4426edaddc1b8227cad69dd4e21	True	
MA_MAASFVASFVG001	CSM	all_exact_repeat	measured	7	2	0.021703156	0.021676565	71539	f720fde5550fef2a3e03917cf4afca1cba1fc4426edaddc1b8227cad69dd4e21	True	
MA_MABAKCEPC0001	CSM	pr_current	measured	1	0	0.186528307	0.186530875	255085	6bd22b5bc8779c3859d47a78bc8e5a231aec98238d00499a8723696e4b442979	True	
MA_MABAKCEPC0001	CSM	all_exact	measured	1	1	0.171810733	0.171813064	255085	6bd22b5bc8779c3859d47a78bc8e5a231aec98238d00499a8723696e4b442979	True	
MA_MABAKCEPC0001	CSM	all_exact_repeat	measured	1	2	0.174563429	0.174731493	255085	6bd22b5bc8779c3859d47a78bc8e5a231aec98238d00499a8723696e4b442979	True	
MA_MABAKCEPC0001	CSM	pr_current	measured	2	0	0.187802965	0.187984602	255085	6bd22b5bc8779c3859d47a78bc8e5a231aec98238d00499a8723696e4b442979	True	
MA_MABAKCEPC0001	CSM	all_exact_repeat	measured	2	1	0.172530786	0.172696969	255085	6bd22b5bc8779c3859d47a78bc8e5a231aec98238d00499a8723696e4b442979	True	
MA_MABAKCEPC0001	CSM	all_exact	measured	2	2	0.186797216	0.186905955	255085	6bd22b5bc8779c3859d47a78bc8e5a231aec98238d00499a8723696e4b442979	True	
MA_MABAKCEPC0001	CSM	all_exact_repeat	measured	3	0	0.1804528	0.180569722	255085	6bd22b5bc8779c3859d47a78bc8e5a231aec98238d00499a8723696e4b442979	True	
MA_MABAKCEPC0001	CSM	all_exact	measured	3	1	0.17837914	0.178691297	255085	6bd22b5bc8779c3859d47a78bc8e5a231aec98238d00499a8723696e4b442979	True	
MA_MABAKCEPC0001	CSM	pr_current	measured	3	2	0.210061271	0.209504706	255085	6bd22b5bc8779c3859d47a78bc8e5a231aec98238d00499a8723696e4b442979	True	
MA_MABAKCEPC0001	CSM	all_exact_repeat	measured	4	0	0.222379539	0.222769128	255085	6bd22b5bc8779c3859d47a78bc8e5a231aec98238d00499a8723696e4b442979	True	
MA_MABAKCEPC0001	CSM	all_exact	measured	4	1	0.192501197	0.192778951	255085	6bd22b5bc8779c3859d47a78bc8e5a231aec98238d00499a8723696e4b442979	True	
MA_MABAKCEPC0001	CSM	pr_current	measured	4	2	0.208245445	0.194770947	255085	6bd22b5bc8779c3859d47a78bc8e5a231aec98238d00499a8723696e4b442979	True	
MA_MABAKCEPC0001	CSM	all_exact	measured	5	0	0.177671584	0.178089182	255085	6bd22b5bc8779c3859d47a78bc8e5a231aec98238d00499a8723696e4b442979	True	
MA_MABAKCEPC0001	CSM	all_exact_repeat	measured	5	1	0.168058715	0.16846581	255085	6bd22b5bc8779c3859d47a78bc8e5a231aec98238d00499a8723696e4b442979	True	
MA_MABAKCEPC0001	CSM	pr_current	measured	5	2	0.192439003	0.191127353	255085	6bd22b5bc8779c3859d47a78bc8e5a231aec98238d00499a8723696e4b442979	True	
MA_MABAKCEPC0001	CSM	pr_current	measured	6	0	0.192820233	0.193276893	255085	6bd22b5bc8779c3859d47a78bc8e5a231aec98238d00499a8723696e4b442979	True	
MA_MABAKCEPC0001	CSM	all_exact_repeat	measured	6	1	0.175556009	0.176061066	255085	6bd22b5bc8779c3859d47a78bc8e5a231aec98238d00499a8723696e4b442979	True	
MA_MABAKCEPC0001	CSM	all_exact	measured	6	2	0.179186141	0.179729324	255085	6bd22b5bc8779c3859d47a78bc8e5a231aec98238d00499a8723696e4b442979	True	
MA_MABAKCEPC0001	CSM	pr_current	measured	7	0	0.18550754	0.185352961	255085	6bd22b5bc8779c3859d47a78bc8e5a231aec98238d00499a8723696e4b442979	True	
MA_MABAKCEPC0001	CSM	all_exact	measured	7	1	0.166238528	0.16674213	255085	6bd22b5bc8779c3859d47a78bc8e5a231aec98238d00499a8723696e4b442979	True	
MA_MABAKCEPC0001	CSM	all_exact_repeat	measured	7	2	0.177050954	0.17756706	255085	6bd22b5bc8779c3859d47a78bc8e5a231aec98238d00499a8723696e4b442979	True	
MA_MACOFFESLACC100000G1I1	CSM	pr_current	measured	1	0	0.057143277	0.057370502	98839	b9717917b41089d87606865bb48770ffedeaeccc81c8b70ee8e9d85820f12fe9	True	
MA_MACOFFESLACC100000G1I1	CSM	all_exact	measured	1	1	0.048094	0.048283931	98839	b9717917b41089d87606865bb48770ffedeaeccc81c8b70ee8e9d85820f12fe9	True	
MA_MACOFFESLACC100000G1I1	CSM	all_exact_repeat	measured	1	2	0.047559304	0.047746951	98839	b9717917b41089d87606865bb48770ffedeaeccc81c8b70ee8e9d85820f12fe9	True	
MA_MACOFFESLACC100000G1I1	CSM	pr_current	measured	2	0	0.062362593	0.062610678	98839	b9717917b41089d87606865bb48770ffedeaeccc81c8b70ee8e9d85820f12fe9	True	
MA_MACOFFESLACC100000G1I1	CSM	all_exact_repeat	measured	2	1	0.051076662	0.05127814	98839	b9717917b41089d87606865bb48770ffedeaeccc81c8b70ee8e9d85820f12fe9	True	
MA_MACOFFESLACC100000G1I1	CSM	all_exact	measured	2	2	0.054119579	0.053262715	98839	b9717917b41089d87606865bb48770ffedeaeccc81c8b70ee8e9d85820f12fe9	True	
MA_MACOFFESLACC100000G1I1	CSM	all_exact	measured	3	0	0.049556081	0.049750109	98839	b9717917b41089d87606865bb48770ffedeaeccc81c8b70ee8e9d85820f12fe9	True	
MA_MACOFFESLACC100000G1I1	CSM	pr_current	measured	3	1	0.055339592	0.055558597	98839	b9717917b41089d87606865bb48770ffedeaeccc81c8b70ee8e9d85820f12fe9	True	
MA_MACOFFESLACC100000G1I1	CSM	all_exact_repeat	measured	3	2	0.048387034	0.048578369	98839	b9717917b41089d87606865bb48770ffedeaeccc81c8b70ee8e9d85820f12fe9	True	
MA_MACOFFESLACC100000G1I1	CSM	all_exact_repeat	measured	4	0	0.04696059	0.047132231	98839	b9717917b41089d87606865bb48770ffedeaeccc81c8b70ee8e9d85820f12fe9	True	
MA_MACOFFESLACC100000G1I1	CSM	all_exact	measured	4	1	0.046670421	0.046854754	98839	b9717917b41089d87606865bb48770ffedeaeccc81c8b70ee8e9d85820f12fe9	True	
MA_MACOFFESLACC100000G1I1	CSM	pr_current	measured	4	2	0.05283431	0.053043946	98839	b9717917b41089d87606865bb48770ffedeaeccc81c8b70ee8e9d85820f12fe9	True	
MA_MACOFFESLACC100000G1I1	CSM	all_exact	measured	5	0	0.046448765	0.046617503	98839	b9717917b41089d87606865bb48770ffedeaeccc81c8b70ee8e9d85820f12fe9	True	
MA_MACOFFESLACC100000G1I1	CSM	all_exact_repeat	measured	5	1	0.046361326	0.046535401	98839	b9717917b41089d87606865bb48770ffedeaeccc81c8b70ee8e9d85820f12fe9	True	
MA_MACOFFESLACC100000G1I1	CSM	pr_current	measured	5	2	0.051972796	0.052200121	98839	b9717917b41089d87606865bb48770ffedeaeccc81c8b70ee8e9d85820f12fe9	True	
MA_MACOFFESLACC100000G1I1	CSM	all_exact	measured	6	0	0.046158079	0.046359457	98839	b9717917b41089d87606865bb48770ffedeaeccc81c8b70ee8e9d85820f12fe9	True	
MA_MACOFFESLACC100000G1I1	CSM	pr_current	measured	6	1	0.052256335	0.052484811	98839	b9717917b41089d87606865bb48770ffedeaeccc81c8b70ee8e9d85820f12fe9	True	
MA_MACOFFESLACC100000G1I1	CSM	all_exact_repeat	measured	6	2	0.116970957	0.117483206	98839	b9717917b41089d87606865bb48770ffedeaeccc81c8b70ee8e9d85820f12fe9	True	
MA_MACOFFESLACC100000G1I1	CSM	pr_current	measured	7	0	0.066256386	0.066545041	98839	b9717917b41089d87606865bb48770ffedeaeccc81c8b70ee8e9d85820f12fe9	True	
MA_MACOFFESLACC100000G1I1	CSM	all_exact	measured	7	1	0.062028407	0.062299667	98839	b9717917b41089d87606865bb48770ffedeaeccc81c8b70ee8e9d85820f12fe9	True	
MA_MACOFFESLACC100000G1I1	CSM	all_exact_repeat	measured	7	2	0.053766124	0.05400063	98839	b9717917b41089d87606865bb48770ffedeaeccc81c8b70ee8e9d85820f12fe9	True	
MA_MAORNLSPHDIV00001	CSM	pr_current	measured	1	0	0.047344771	0.047580713	92425	d1ef2f0d632eac2e8c7aa2f2e572c7be548fbe77ee43c3fbb793ca7df8a4a3fb	True	
MA_MAORNLSPHDIV00001	CSM	all_exact	measured	1	1	0.043194648	0.043408495	92425	d1ef2f0d632eac2e8c7aa2f2e572c7be548fbe77ee43c3fbb793ca7df8a4a3fb	True	
MA_MAORNLSPHDIV00001	CSM	all_exact_repeat	measured	1	2	0.047348223	0.047582399	92425	d1ef2f0d632eac2e8c7aa2f2e572c7be548fbe77ee43c3fbb793ca7df8a4a3fb	True	
MA_MAORNLSPHDIV00001	CSM	pr_current	measured	2	0	0.04845899	0.048684439	92425	d1ef2f0d632eac2e8c7aa2f2e572c7be548fbe77ee43c3fbb793ca7df8a4a3fb	True	
MA_MAORNLSPHDIV00001	CSM	all_exact_repeat	measured	2	1	0.04529766	0.045523689	92425	d1ef2f0d632eac2e8c7aa2f2e572c7be548fbe77ee43c3fbb793ca7df8a4a3fb	True	
MA_MAORNLSPHDIV00001	CSM	all_exact	measured	2	2	0.045108408	0.045320483	92425	d1ef2f0d632eac2e8c7aa2f2e572c7be548fbe77ee43c3fbb793ca7df8a4a3fb	True	
MA_MAORNLSPHDIV00001	CSM	pr_current	measured	3	0	0.048119094	0.04835838	92425	d1ef2f0d632eac2e8c7aa2f2e572c7be548fbe77ee43c3fbb793ca7df8a4a3fb	True	
MA_MAORNLSPHDIV00001	CSM	all_exact	measured	3	1	0.044487803	0.044711465	92425	d1ef2f0d632eac2e8c7aa2f2e572c7be548fbe77ee43c3fbb793ca7df8a4a3fb	True	
MA_MAORNLSPHDIV00001	CSM	all_exact_repeat	measured	3	2	0.043041398	0.043252562	92425	d1ef2f0d632eac2e8c7aa2f2e572c7be548fbe77ee43c3fbb793ca7df8a4a3fb	True	
MA_MAORNLSPHDIV00001	CSM	all_exact_repeat	measured	4	0	0.042961245	0.043188184	92425	d1ef2f0d632eac2e8c7aa2f2e572c7be548fbe77ee43c3fbb793ca7df8a4a3fb	True	
MA_MAORNLSPHDIV00001	CSM	all_exact	measured	4	1	0.04385882	0.044090574	92425	d1ef2f0d632eac2e8c7aa2f2e572c7be548fbe77ee43c3fbb793ca7df8a4a3fb	True	
MA_MAORNLSPHDIV00001	CSM	pr_current	measured	4	2	0.049782506	0.050046329	92425	d1ef2f0d632eac2e8c7aa2f2e572c7be548fbe77ee43c3fbb793ca7df8a4a3fb	True	
MA_MAORNLSPHDIV00001	CSM	all_exact	measured	5	0	0.043900003	0.044132123	92425	d1ef2f0d632eac2e8c7aa2f2e572c7be548fbe77ee43c3fbb793ca7df8a4a3fb	True	
MA_MAORNLSPHDIV00001	CSM	all_exact_repeat	measured	5	1	0.044721568	0.044957347	92425	d1ef2f0d632eac2e8c7aa2f2e572c7be548fbe77ee43c3fbb793ca7df8a4a3fb	True	
MA_MAORNLSPHDIV00001	CSM	pr_current	measured	5	2	0.048518476	0.048775055	92425	d1ef2f0d632eac2e8c7aa2f2e572c7be548fbe77ee43c3fbb793ca7df8a4a3fb	True	
MA_MAORNLSPHDIV00001	CSM	pr_current	measured	6	0	0.052253861	0.052529048	92425	d1ef2f0d632eac2e8c7aa2f2e572c7be548fbe77ee43c3fbb793ca7df8a4a3fb	True	
MA_MAORNLSPHDIV00001	CSM	all_exact	measured	6	1	0.057002379	0.057303477	92425	d1ef2f0d632eac2e8c7aa2f2e572c7be548fbe77ee43c3fbb793ca7df8a4a3fb	True	
MA_MAORNLSPHDIV00001	CSM	all_exact_repeat	measured	6	2	0.044087148	0.044321103	92425	d1ef2f0d632eac2e8c7aa2f2e572c7be548fbe77ee43c3fbb793ca7df8a4a3fb	True	
MA_MAORNLSPHDIV00001	CSM	pr_current	measured	7	0	0.047879471	0.048133315	92425	d1ef2f0d632eac2e8c7aa2f2e572c7be548fbe77ee43c3fbb793ca7df8a4a3fb	True	
MA_MAORNLSPHDIV00001	CSM	all_exact	measured	7	1	0.043195013	0.043408818	92425	d1ef2f0d632eac2e8c7aa2f2e572c7be548fbe77ee43c3fbb793ca7df8a4a3fb	True	
MA_MAORNLSPHDIV00001	CSM	all_exact_repeat	measured	7	2	0.042204806	0.042427942	92425	d1ef2f0d632eac2e8c7aa2f2e572c7be548fbe77ee43c3fbb793ca7df8a4a3fb	True	
MA_MAT3VR3003	CSM	pr_current	measured	1	0	0.081180931	0.081635671	126857	3881e3b1cf1528597147f1fbe92128589fe074d3214974b22eb982bbeb7b4ea8	True	
MA_MAT3VR3003	CSM	all_exact	measured	1	1	0.074455279	0.074858386	126857	3881e3b1cf1528597147f1fbe92128589fe074d3214974b22eb982bbeb7b4ea8	True	
MA_MAT3VR3003	CSM	all_exact_repeat	measured	1	2	0.073510504	0.073908764	126857	3881e3b1cf1528597147f1fbe92128589fe074d3214974b22eb982bbeb7b4ea8	True	
MA_MAT3VR3003	CSM	pr_current	measured	2	0	0.084775489	0.085242479	126857	3881e3b1cf1528597147f1fbe92128589fe074d3214974b22eb982bbeb7b4ea8	True	
MA_MAT3VR3003	CSM	all_exact_repeat	measured	2	1	0.073346938	0.073775512	126857	3881e3b1cf1528597147f1fbe92128589fe074d3214974b22eb982bbeb7b4ea8	True	
MA_MAT3VR3003	CSM	all_exact	measured	2	2	0.073920661	0.074351688	126857	3881e3b1cf1528597147f1fbe92128589fe074d3214974b22eb982bbeb7b4ea8	True	
MA_MAT3VR3003	CSM	all_exact_repeat	measured	3	0	0.073080563	0.073507559	126857	3881e3b1cf1528597147f1fbe92128589fe074d3214974b22eb982bbeb7b4ea8	True	
MA_MAT3VR3003	CSM	pr_current	measured	3	1	0.084621934	0.08511674	126857	3881e3b1cf1528597147f1fbe92128589fe074d3214974b22eb982bbeb7b4ea8	True	
MA_MAT3VR3003	CSM	all_exact	measured	3	2	0.076015159	0.07645826	126857	3881e3b1cf1528597147f1fbe92128589fe074d3214974b22eb982bbeb7b4ea8	True	
MA_MAT3VR3003	CSM	all_exact_repeat	measured	4	0	0.078460254	0.078916639	126857	3881e3b1cf1528597147f1fbe92128589fe074d3214974b22eb982bbeb7b4ea8	True	
MA_MAT3VR3003	CSM	all_exact	measured	4	1	0.088178657	0.088694155	126857	3881e3b1cf1528597147f1fbe92128589fe074d3214974b22eb982bbeb7b4ea8	True	
MA_MAT3VR3003	CSM	pr_current	measured	4	2	0.08706629	0.087575602	126857	3881e3b1cf1528597147f1fbe92128589fe074d3214974b22eb982bbeb7b4ea8	True	
MA_MAT3VR3003	CSM	all_exact	measured	5	0	0.078634832	0.079093997	126857	3881e3b1cf1528597147f1fbe92128589fe074d3214974b22eb982bbeb7b4ea8	True	
MA_MAT3VR3003	CSM	all_exact_repeat	measured	5	1	0.079035564	0.079483936	126857	3881e3b1cf1528597147f1fbe92128589fe074d3214974b22eb982bbeb7b4ea8	True	
MA_MAT3VR3003	CSM	pr_current	measured	5	2	0.088148217	0.088662986	126857	3881e3b1cf1528597147f1fbe92128589fe074d3214974b22eb982bbeb7b4ea8	True	
MA_MAT3VR3003	CSM	all_exact	measured	6	0	0.078885923	0.079361856	126857	3881e3b1cf1528597147f1fbe92128589fe074d3214974b22eb982bbeb7b4ea8	True	
MA_MAT3VR3003	CSM	all_exact_repeat	measured	6	1	0.078599763	0.07907509	126857	3881e3b1cf1528597147f1fbe92128589fe074d3214974b22eb982bbeb7b4ea8	True	
MA_MAT3VR3003	CSM	pr_current	measured	6	2	0.090901128	0.091452264	126857	3881e3b1cf1528597147f1fbe92128589fe074d3214974b22eb982bbeb7b4ea8	True	
MA_MAT3VR3003	CSM	pr_current	measured	7	0	0.089273768	0.089814831	126857	3881e3b1cf1528597147f1fbe92128589fe074d3214974b22eb982bbeb7b4ea8	True	
MA_MAT3VR3003	CSM	all_exact	measured	7	1	0.077277392	0.077743944	126857	3881e3b1cf1528597147f1fbe92128589fe074d3214974b22eb982bbeb7b4ea8	True	
MA_MAT3VR3003	CSM	all_exact_repeat	measured	7	2	0.083685465	0.082459209	126857	3881e3b1cf1528597147f1fbe92128589fe074d3214974b22eb982bbeb7b4ea8	True	
